ID,Tipo,SKU,Nombre,Publicado,"¿Está destacado?","Visibilidad en el catálogo","Descripción corta",Descripción,"Día en que empieza el precio rebajado","Día en que termina el precio rebajado","Estado del impuesto","Clase de impuesto","¿En inventario?",Inventario,"Cantidad de bajo inventario","¿Permitir reservas de productos agotados?","¿Vendido individualmente?","Peso (kg)","Longitud (cm)","Ancho (cm)","Altura (cm)","¿Permitir valoraciones de clientes?","Nota de compra","Precio rebajado","Precio normal",Categorías,Etiquetas,"Clase de envío",Imágenes,"Límite de descargas","Días de caducidad de la descarga",Superior,"Productos agrupados","Ventas dirigidas","Ventas cruzadas","URL externa","Texto del botón",Posición,"Nombre del atributo 1","Valor(es) del atributo 1","Atributo visible 1","Atributo global 1"
446,variable,,"AJONJOLI GARAPIÑADO",1,0,visible,,,,,taxable,,1,10,,0,0,,,,,1,,,,Semillas,,,"http://lasdeliciasdelcampo.com/wp-content/uploads/2024/02/Delicias-del-campo-prodcutos-8.png, http://lasdeliciasdelcampo.com/wp-content/uploads/2024/02/AJONJOLI-GARAPINADO.png",,,,,,,,,0,GRAMOS,"200 gramos, 1 kg",1,0
447,variation,7.50E+12,"AJONJOLI GARAPIÑADO - 200 gramos",1,0,visible,,,,,taxable,parent,0,0,,0,0,200,,,,0,,,25,,,,,,,id:446,,,,,,1,GRAMOS,"200 gramos",,0
448,variation,7.50305E+12,"AJONJOLI GARAPIÑADO - 1 kg",1,0,visible,,,,,taxable,parent,1,2,,0,0,,,,,0,,,110,,,,,,,id:446,,,,,,2,GRAMOS,"1 kg",,0
454,variable,,"ALMENDRA CONFITADA",1,0,visible,,,,,taxable,,1,10,,0,0,,,,,1,,,,Dulces,,,"http://lasdeliciasdelcampo.com/wp-content/uploads/2024/02/77.png, http://lasdeliciasdelcampo.com/wp-content/uploads/2024/02/ALMENDRA-CONFITADA.png",,,,,,,,,0,GRAMOS,"200 gramos, 1 kg",1,0
455,variation,7.50302E+12,"ALMENDRA CONFITADA - 200 gramos",1,0,visible,,,,,taxable,parent,1,3,,0,0,,,,,0,,,30,,,,,,,id:454,,,,,,1,GRAMOS,"200 gramos",,0
456,variation,07503050663490,"ALMENDRA CONFITADA - 1 kg",1,0,visible,,,,,taxable,parent,1,,,0,0,,,,,0,,,120,,,,,,,id:454,,,,,,2,GRAMOS,"1 kg",,0
461,variable,,"ALMENDRA ENTERA",1,0,visible,,,,,taxable,,1,8,,0,0,,,,,0,,,,Nueces,,,"http://lasdeliciasdelcampo.com/wp-content/uploads/2024/02/85.png, http://lasdeliciasdelcampo.com/wp-content/uploads/2024/02/ALMENDRA-ENTERA.png",,,,,,,,,0,GRAMOS,"200 gramos, 1 kg",1,0
462,variation,07503018231662,"ALMENDRA ENTERA - 200 gramos",1,0,visible,,,,,taxable,parent,1,,,0,0,,,,,0,,,60,,,,,,,id:461,,,,,,1,GRAMOS,"200 gramos",,0
463,variation,07503050663506,"ALMENDRA ENTERA - 1 kg",1,0,visible,,,,,taxable,parent,1,,,0,0,,,,,0,,,240,,,,,,,id:461,,,,,,2,GRAMOS,"1 kg",,0
468,variable,,"ALMENDRA FILETEADA",1,0,visible,,,,,taxable,,1,8,,0,0,,,,,1,,,,Nueces,,,http://lasdeliciasdelcampo.com/wp-content/uploads/2024/02/Delicias-del-campo-prodcutos-5-1.png,,,,,,,,,0,GRAMOS,"200 gramos, 1 kg",1,0
469,variation,07503018231679,"ALMENDRA FILETEADA - 200 gramos",1,0,visible,,,,,taxable,parent,1,,,0,0,,,,,0,,,65,,,,,,,id:468,,,,,,1,GRAMOS,"200 gramos",,0
470,variation,07503050663513,"ALMENDRA FILETEADA - 1 kg",1,0,visible,,,,,taxable,parent,1,,,0,0,,,,,0,,,260,,,,,,,id:468,,,,,,2,GRAMOS,"1 kg",,0
475,variable,,"ARANDANO NATURAL",1,0,visible,,,,,taxable,,1,7,,0,0,,,,,1,,,,"Frutos secos",,,"http://lasdeliciasdelcampo.com/wp-content/uploads/2024/02/Delicias-del-campo-prodcutos-11.png, http://lasdeliciasdelcampo.com/wp-content/uploads/2024/02/ARANDANO-NATURAL.png",,,,,,,,,0,GRAMOS,"200 gramos, 1 kg",1,0
476,variation,07503050663100,"ARANDANO NATURAL - 200 gramos",1,0,visible,,,,,taxable,parent,1,,,0,0,,,,,0,,,35,,,,,,,id:475,,,,,,1,GRAMOS,"200 gramos",,0
477,variation,07503050663940,"ARANDANO NATURAL - 1 kg",1,0,visible,,,,,taxable,parent,1,,,0,0,,,,,0,,,170,,,,,,,id:475,,,,,,2,GRAMOS,"1 kg",,0
490,variable,,"ARANDANO ENCHILADO",1,0,visible,,,,,taxable,,1,6,,0,0,,,,,0,,,,"Frutos secos",,,"http://lasdeliciasdelcampo.com/wp-content/uploads/2024/02/Delicias-del-campo-prodcutos-14.png, http://lasdeliciasdelcampo.com/wp-content/uploads/2024/02/ARANDANO-ENCHILADO.png",,,,,,,,,0,GRAMOS,"200 gramos, 1 kg",1,0
491,variation,07503050663094,"ARANDANO ENCHILADO - 200 gramos",1,0,visible,,,,,taxable,parent,1,,,0,0,,,,,0,,,35,,,,,,,id:490,,,,,,1,GRAMOS,"200 gramos",,0
492,variation,07503050663933,"ARANDANO ENCHILADO - 1 kg",1,0,visible,,,,,taxable,parent,1,,,0,0,,,,,0,,,170,,,,,,,id:490,,,,,,2,GRAMOS,"1 kg",,0
497,variable,,"BOMBON DE CHOCOLATE",1,0,visible,,,,,taxable,,1,9,,0,0,,,,,0,,,,Dulces,,,"http://lasdeliciasdelcampo.com/wp-content/uploads/2024/02/73.png, http://lasdeliciasdelcampo.com/wp-content/uploads/2024/02/BOMBON-DE-CHOCOLATE.png",,,,,,,,,0,GRAMOS,"250 gr, 1 kg",1,0
498,variation,07503050663247,"BOMBON DE CHOCOLATE - 250 gr",1,0,visible,,,,,taxable,parent,1,,,0,0,,,,,0,,,75,,,,,,,id:497,,,,,,1,GRAMOS,"250 gr",,0
499,variation,07503050668082,"BOMBON DE CHOCOLATE - 1 kg",1,0,visible,,,,,taxable,parent,1,,,0,0,,,,,0,,,290,,,,,,,id:497,,,,,,2,GRAMOS,"1 kg",,0
504,variable,,"CACAHUATE ENCHILADO",1,0,visible,,,,,taxable,,1,7,,0,0,,,,,1,,,,Cacahuates,,,"http://lasdeliciasdelcampo.com/wp-content/uploads/2024/02/Delicias-del-campo-prodcutos-26.png, http://lasdeliciasdelcampo.com/wp-content/uploads/2024/02/CACAHUATE-ENCHILADO.png",,,,,,,,,0,GRAMOS,"200 gr, 1 kg",1,0
505,variation,07503018231891,"CACAHUATE ENCHILADO - 200 gr",1,0,visible,,,,,taxable,parent,1,,,0,0,,,,,0,,,20,,,,,,,id:504,,,,,,1,GRAMOS,"200 gr",,0
506,variation,07503050663735,"CACAHUATE ENCHILADO - 1 kg",1,0,visible,,,,,taxable,parent,1,,,0,0,,,,,0,,,90,,,,,,,id:504,,,,,,2,GRAMOS,"1 kg",,0
511,variable,,"CACAHUATE ESPAÑOL",1,0,visible,,,,,taxable,,1,8,,0,0,,,,,0,,,,Cacahuates,,,"http://lasdeliciasdelcampo.com/wp-content/uploads/2024/02/Delicias-del-campo-prodcutos-29.png, http://lasdeliciasdelcampo.com/wp-content/uploads/2024/02/CACAHUATE-ESPANOL-CON-AJO.png",,,,,,,,,0,GRAMOS,"200 gr, 1 kg",1,0
512,variation,07503018231907,"CACAHUATE ESPAÑOL - 200 gr",1,0,visible,,,,,taxable,parent,1,,,0,0,,,,,0,,,20,,,,,,,id:511,,,,,,1,GRAMOS,"200 gr",,0
513,variation,07503050663742,"CACAHUATE ESPAÑOL - 1 kg",1,0,visible,,,,,taxable,parent,1,,,0,0,,,,,0,,,90,,,,,,,id:511,,,,,,2,GRAMOS,"1 kg",,0
518,variable,,"CACAHUATE ESPAÑOL CON AJO",1,0,visible,,,,,taxable,,1,10,,0,0,,,,,1,,,,Cacahuates,,,"http://lasdeliciasdelcampo.com/wp-content/uploads/2024/02/Delicias-del-campo-prodcutos-17.png, http://lasdeliciasdelcampo.com/wp-content/uploads/2024/02/CACAHUATE-ESPANOL-CON-AJO.png",,,,,,,,,0,GRAMOS,"200 gr, 1 kg",1,0
519,variation,07503018231914,"CACAHUATE ESPAÑOL CON AJO - 200 gr",1,0,visible,,,,,taxable,parent,1,,,0,0,,,,,0,,,20,,,,,,,id:518,,,,,,1,GRAMOS,"200 gr",,0
520,variation,07503050663759,"CACAHUATE ESPAÑOL CON AJO - 1 kg",1,0,visible,,,,,taxable,parent,1,,,0,0,,,,,0,,,90,,,,,,,id:518,,,,,,2,GRAMOS,"1 kg",,0
525,variable,,"CACAHUATE HOLANDES (HOT NUT)",1,0,visible,,,,,taxable,,1,7,,0,0,,,,,1,,,,Cacahuates,,,"http://lasdeliciasdelcampo.com/wp-content/uploads/2024/02/Delicias-del-campo-prodcutos-20.png, http://lasdeliciasdelcampo.com/wp-content/uploads/2024/02/CACAHUATE-HOLANDES.png",,,,,,,,,0,GRAMOS,"200 gr, 1 kg",1,0
526,variation,07503018231921,"CACAHUATE HOLANDES (HOT NUT) - 200 gr",1,0,visible,,,,,taxable,parent,1,,,0,0,,,,,0,,,20,,,,,,,id:525,,,,,,1,GRAMOS,"200 gr",,0
527,variation,07503050663766,"CACAHUATE HOLANDES (HOT NUT) - 1 kg",1,0,visible,,,,,taxable,parent,1,,,0,0,,,,,0,,,90,,,,,,,id:525,,,,,,2,GRAMOS,"1 kg",,0
532,variable,,"CACAHUATE JAPONES",1,0,visible,,,,,taxable,,1,7,,0,0,,,,,0,,,,Cacahuates,,,"http://lasdeliciasdelcampo.com/wp-content/uploads/2024/02/Delicias-del-campo-prodcutos-23.png, http://lasdeliciasdelcampo.com/wp-content/uploads/2024/02/CACAHUATE-JAPONES.png",,,,,,,,,0,GRAMOS,"200 gr, 1 kg",1,0
533,variation,07503018231938,"CACAHUATE JAPONES - 200 gr",1,0,visible,,,,,taxable,parent,1,,,0,0,,,,,0,,,20,,,,,,,id:532,,,,,,1,GRAMOS,"200 gr",,0
534,variation,07503050663773,"CACAHUATE JAPONES - 1 kg",1,0,visible,,,,,taxable,parent,1,,,0,0,,,,,0,,,90,,,,,,,id:532,,,,,,2,GRAMOS,"1 kg",,0
535,variable,,"CACAHUATE JAPONES CON CHIPOTLE",1,0,visible,,,,,taxable,,1,6,,0,0,,,,,1,,,,Cacahuates,,,"http://lasdeliciasdelcampo.com/wp-content/uploads/2024/02/81.png, http://lasdeliciasdelcampo.com/wp-content/uploads/2024/02/CACAHUATE-JAPONES-CON-CHIPOTLE.png",,,,,,,,,0,GRAMOS,"200 gr, 1 kg",1,0
536,variation,07503018231945,"CACAHUATE JAPONES CON CHIPOTLE - 200 gr",1,0,visible,,,,,taxable,parent,1,,,0,0,,,,,0,,,20,,,,,,,id:535,,,,,,1,GRAMOS,"200 gr",,0
537,variation,07503050663780,"CACAHUATE JAPONES CON CHIPOTLE - 1 kg",1,0,visible,,,,,taxable,parent,1,,,0,0,,,,,0,,,90,,,,,,,id:535,,,,,,2,GRAMOS,"1 kg",,0
544,variable,,"CACAHUATE JAPONES C/QUESO CHEDAR",1,0,visible,,,,,taxable,,1,2,,0,0,,,,,1,,,,Cacahuates,,,http://lasdeliciasdelcampo.com/wp-content/uploads/2024/02/Delicias-del-campo-prodcutos-2-1.png,,,,,,,,,0,GRAMOS,"200 gr, 1 kg",1,0
545,variation,07503018231952,"CACAHUATE JAPONES C/QUESO CHEDAR - 200 gr",1,0,visible,,,,,taxable,parent,1,,,0,0,,,,,0,,,20,,,,,,,id:544,,,,,,1,GRAMOS,"200 gr",,0
546,variation,07503050663797,"CACAHUATE JAPONES C/QUESO CHEDAR - 1 kg",1,0,visible,,,,,taxable,parent,1,,,0,0,,,,,0,,,90,,,,,,,id:544,,,,,,2,GRAMOS,"1 kg",,0
551,variable,,"CACAHUATE JAPONES SABOR MANGO",1,0,visible,,,,,taxable,,1,4,,0,0,,,,,1,,,,Cacahuates,,,"http://lasdeliciasdelcampo.com/wp-content/uploads/2024/02/297.png, http://lasdeliciasdelcampo.com/wp-content/uploads/2024/02/CACAHUATE-JAPONES-SABOR-MANGO.png",,,,,,,,,0,GRAMOS,"200 gr, 1 kg",1,0
552,variation,07503018231969,"CACAHUATE JAPONES SABOR MANGO - 200 gr",1,0,visible,,,,,taxable,parent,1,,,0,0,,,,,0,,,20,,,,,,,id:551,,,,,,1,GRAMOS,"200 gr",,0
553,variation,07503050663803,"CACAHUATE JAPONES SABOR MANGO - 1 kg",1,0,visible,,,,,taxable,parent,1,,,0,0,,,,,0,,,90,,,,,,,id:551,,,,,,2,GRAMOS,"1 kg",,0
557,variable,,"CACAHUATE MIX",1,0,visible,,,,,taxable,,1,6,,0,0,,,,,1,,,,Cacahuates,,,http://lasdeliciasdelcampo.com/wp-content/uploads/2024/02/342.png,,,,,,,,,0,GRAMOS,"250 gr, 1 kg",1,0
558,variation,07503050663216,"CACAHUATE MIX - 250 gr",1,0,visible,,,,,taxable,parent,1,,,0,0,,,,,0,,,30,,,,,,,id:557,,,,,,1,GRAMOS,"250 gr",,0
559,variation,07503050668051,"CACAHUATE MIX - 1 kg",1,0,visible,,,,,taxable,parent,1,,,0,0,,,,,0,,,140,,,,,,,id:557,,,,,,2,GRAMOS,"1 kg",,0
563,variable,,"CACAHUATE SALADO",1,0,visible,,,,,taxable,,1,10,,0,0,,,,,1,,,,Cacahuates,,,"http://lasdeliciasdelcampo.com/wp-content/uploads/2024/02/61.png, http://lasdeliciasdelcampo.com/wp-content/uploads/2024/02/CACAHUATE-SALADO.png",,,,,,,,,0,GRAMOS,"200 gr, 1 kg",1,0
564,variation,07503018231976,"CACAHUATE SALADO - 200 gr",1,0,visible,,,,,taxable,parent,1,,,0,0,,,,,0,,,20,,,,,,,id:563,,,,,,1,GRAMOS,"200 gr",,0
565,variation,07503050663810,"CACAHUATE SALADO - 1 kg",1,0,visible,,,,,taxable,parent,1,,,0,0,,,,,0,,,90,,,,,,,id:563,,,,,,2,GRAMOS,"1 kg",,0
569,variable,,"CACAHUATE GARAPIÑADO",1,0,visible,,,,,taxable,,1,8,,0,0,,,,,1,,,,Cacahuates,,,"http://lasdeliciasdelcampo.com/wp-content/uploads/2024/02/53.png, http://lasdeliciasdelcampo.com/wp-content/uploads/2024/02/CACAHUATE-GARAP-1.png",,,,,,,,,0,GRAMOS,"200 gr, 1 kg",1,0
570,variation,07503018231983,"CACAHUATE GARAPIÑADO - 200 gr",1,0,visible,,,,,taxable,parent,1,,,0,0,,,,,0,,,20,,,,,,,id:569,,,,,,1,GRAMOS,"200 gr",,0
571,variation,07503050663827,"CACAHUATE GARAPIÑADO - 1 kg",1,0,visible,,,,,taxable,parent,1,,,0,0,,,,,0,,,90,,,,,,,id:569,,,,,,2,GRAMOS,"1 kg",,0
576,variable,,"CACAHUATE GARAP/AJONJOLI",1,0,visible,,,,,taxable,,1,7,,0,0,,,,,0,,,,Cacahuates,,,"http://lasdeliciasdelcampo.com/wp-content/uploads/2024/02/48.png, http://lasdeliciasdelcampo.com/wp-content/uploads/2024/02/CACAHUATE-GARAP.png",,,,,,,,,0,GRAMOS,"200 gr, 1 kg",1,0
577,variation,07503018231990,"CACAHUATE GARAP/AJONJOLI",1,0,visible,,,,,taxable,parent,1,,,0,0,,,,,0,,,20,,,,,,,id:576,,,,,,1,GRAMOS,,,0
578,variation,07503050663834,"CACAHUATE GARAP/AJONJOLI - 1 kg",1,0,visible,,,,,taxable,parent,1,,,0,0,,,,,0,,,90,,,,,,,id:576,,,,,,2,GRAMOS,"1 kg",,0
590,variable,,"CHABACANO DESHIDRATADO",1,0,visible,,,,,taxable,,1,6,,0,0,,,,,0,,,,"Frutos secos",,,"http://lasdeliciasdelcampo.com/wp-content/uploads/2024/02/65.png, http://lasdeliciasdelcampo.com/wp-content/uploads/2024/02/CHABACANO-DESHIDRATADO.png",,,,,,,,,0,GRAMOS,"200 gr, 1 kg",1,0
591,variation,07503050663117,"CHABACANO DESHIDRATADO - 200 gr",1,0,visible,,,,,taxable,parent,1,,,0,0,,,,,0,,,45,,,,,,,id:590,,,,,,1,GRAMOS,"200 gr",,0
592,variation,07503050663957,"CHABACANO DESHIDRATADO - 1 kg",1,0,visible,,,,,taxable,parent,1,,,0,0,,,,,0,,,240,,,,,,,id:590,,,,,,2,GRAMOS,"1 kg",,0
598,variable,,"CHICHARO NATURAL",1,0,visible,,,,,taxable,,1,8,,0,0,,,,,1,,,,Semillas,,,"http://lasdeliciasdelcampo.com/wp-content/uploads/2024/02/35.png, http://lasdeliciasdelcampo.com/wp-content/uploads/2024/02/CHICHARO-NATURAL.png",,,,,,,,,0,GRAMOS,"200 gr, 1 kg",1,0
599,variation,07503018231778,"CHICHARO NATURAL - 200 gr",1,0,visible,,,,,taxable,parent,1,,,0,0,,,,,0,,,20,,,,,,,id:598,,,,,,1,GRAMOS,"200 gr",,0
600,variation,07503050663612,"CHICHARO NATURAL - 1 kg",1,0,visible,,,,,taxable,parent,1,,,0,0,,,,,0,,,90,,,,,,,id:598,,,,,,2,GRAMOS,"1 kg",,0
604,variable,,"CHICHARO ENCHILADO",1,0,visible,,,,,taxable,,1,10,,0,0,,,,,1,,,,Semillas,,,"http://lasdeliciasdelcampo.com/wp-content/uploads/2024/02/40.png, http://lasdeliciasdelcampo.com/wp-content/uploads/2024/02/CHICHARO-ENCHILADO.png",,,,,,,,,0,GRAMOS,"200 gr, 1 kg",1,0
605,variation,07503018231785,"CHICHARO ENCHILADO - 200 gr",1,0,visible,,,,,taxable,parent,1,,,0,0,,,,,0,,,20,,,,,,,id:604,,,,,,1,GRAMOS,"200 gr",,0
606,variation,07503050663629,"CHICHARO ENCHILADO - 1 kg",1,0,visible,,,,,taxable,parent,1,,,0,0,,,,,0,,,90,,,,,,,id:604,,,,,,2,GRAMOS,"1 kg",,0
611,variable,,"CHURRO MIX CHILE (MEZCLA)",1,0,visible,,,,,taxable,,1,7,,0,0,,,,,1,,,,Mixes,,,"http://lasdeliciasdelcampo.com/wp-content/uploads/2024/02/56.png, http://lasdeliciasdelcampo.com/wp-content/uploads/2024/02/CHURRO-MIX-CHILE.png",,,,,,,,,0,GRAMOS,"200 gr, 1 kg",1,0
612,variation,07503050663001,"CHURRO MIX CHILE (MEZCLA) - 200 gr",1,0,visible,,,,,taxable,parent,1,,,0,0,,,,,0,,,35,,,,,,,id:611,,,,,,1,GRAMOS,"200 gr",,0
613,variation,07503050663841,"CHURRO MIX CHILE (MEZCLA) - 1 kg",1,0,visible,,,,,taxable,parent,1,,,0,0,,,,,0,,,170,,,,,,,id:611,,,,,,2,GRAMOS,"1 kg",,0
617,variable,,"CHURRO MIX NAT (MEZCLA)",1,0,visible,,,,,taxable,,1,7,,0,0,,,,,1,,,,Mixes,,,"http://lasdeliciasdelcampo.com/wp-content/uploads/2024/02/Delicias-del-campo-prodcutos-4.png, http://lasdeliciasdelcampo.com/wp-content/uploads/2024/02/CHURRO-MIX.png",,,,,,,,,0,GRAMOS,"200 gr, 1 kg",1,0
618,variation,07503050663018,"CHURRO MIX NAT (MEZCLA) - 200 gr",1,0,visible,,,,,taxable,parent,1,,,0,0,,,,,0,,,35,,,,,,,id:617,,,,,,1,GRAMOS,"200 gr",,0
619,variation,07503050663858,"CHURRO MIX NAT (MEZCLA) - 1 kg",1,0,visible,,,,,taxable,parent,1,,,0,0,,,,,0,,,170,,,,,,,id:617,,,,,,2,GRAMOS,"1 kg",,0
624,variable,,"CHURRO AMARANTO / AJONJOLI NAT",1,0,visible,,,,,taxable,,1,4,,0,0,,,,,1,,,,Mixes,,,http://lasdeliciasdelcampo.com/wp-content/uploads/2024/02/28.png,,,,,,,,,0,GRAMOS,"200 gr, 800 gr",1,0
625,variation,07503050663025,"CHURRO AMARANTO / AJONJOLI NAT - 200 gr",1,0,visible,,,,,taxable,parent,1,,,0,0,,,,,0,,,25,,,,,,,id:624,,,,,,1,GRAMOS,"200 gr",,0
626,variation,07503050663865,"CHURRO AMARANTO / AJONJOLI NAT - 800 gr",1,0,visible,,,,,taxable,parent,1,,,0,0,,,,,0,,,110,,,,,,,id:624,,,,,,2,GRAMOS,"800 gr",,0
628,variable,,"CHURRO AMARANTO / AJONJOLI CHILE",1,0,visible,,,,,taxable,,0,0,,0,0,,,,,0,,,,Mixes,,,http://lasdeliciasdelcampo.com/wp-content/uploads/2024/02/13.png,,,,,,,,,0,GRAMOS,"200 gr, 800 gr",1,0
629,variation,07503050663032,"CHURRO AMARANTO / AJONJOLI CHILE - 200 gr",1,0,visible,,,,,taxable,parent,0,,,0,0,,,,,0,,,25,,,,,,,id:628,,,,,,1,GRAMOS,"200 gr",,0
630,variation,07503050663872,"CHURRO AMARANTO / AJONJOLI CHILE - 800 gr",1,0,visible,,,,,taxable,parent,0,,,0,0,,,,,0,,,110,,,,,,,id:628,,,,,,2,GRAMOS,"800 gr",,0
631,variable,,"CHURRO CHIPOTLE",1,0,visible,,,,,taxable,,1,6,,0,0,,,,,0,,,,Mixes,,,"http://lasdeliciasdelcampo.com/wp-content/uploads/2024/02/Delicias-del-campo-prodcutos-1.png, http://lasdeliciasdelcampo.com/wp-content/uploads/2024/02/CHURRO-CHIPOTLE.png",,,,,,,,,0,GRAMOS,"200 gr, 800 kg",1,0
632,variation,07503050663049,"CHURRO CHIPOTLE - 200 gr",1,0,visible,,,,,taxable,parent,1,,,0,0,,,,,0,,,25,,,,,,,id:631,,,,,,1,GRAMOS,"200 gr",,0
633,variation,07503050663889,"CHURRO CHIPOTLE - 800 kg",1,0,visible,,,,,taxable,parent,1,,,0,0,,,,,0,,,110,,,,,,,id:631,,,,,,2,GRAMOS,"800 kg",,0
637,variable,,"FRUTA MIX DESHIDRATADA (MEZCLA) CUBOS",1,0,visible,,,,,taxable,,1,7,,0,0,,,,,0,,,,"Frutos secos",,,"http://lasdeliciasdelcampo.com/wp-content/uploads/2024/02/273.png, http://lasdeliciasdelcampo.com/wp-content/uploads/2024/02/FRUTA-MIX-DESHIDRATADA.png",,,,,,,,,0,GRAMOS,"200 gr, 1 kg",1,0
638,variation,07503050663223,"FRUTA MIX DESHIDRATADA (MEZCLA) CUBOS - 200 gr",1,0,visible,,,,,taxable,parent,1,,,0,0,,,,,0,,,35,,,,,,,id:637,,,,,,1,GRAMOS,"200 gr",,0
639,variation,07503050668068,"FRUTA MIX DESHIDRATADA (MEZCLA) CUBOS - 1 kg",1,0,visible,,,,,taxable,parent,1,,,0,0,,,,,0,,,175,,,,,,,id:637,,,,,,2,GRAMOS,"1 kg",,0
640,variable,,"GALLETA DE CHOCOLATE (SUSPIROS)",1,0,visible,,,,,taxable,,1,7,,0,0,,,,,1,,,,Dulces,,,"http://lasdeliciasdelcampo.com/wp-content/uploads/2024/02/259.png, http://lasdeliciasdelcampo.com/wp-content/uploads/2024/02/SUSPIROS.png",,,,,,,,,0,GRAMOS,"200 gr, 1 kg",1,0
641,variation,07503050663254,"GALLETA DE CHOCOLATE (SUSPIROS) - 200 gr",1,0,visible,,,,,taxable,parent,1,,,0,0,,,,,0,,,25,,,,,,,id:640,,,,,,1,GRAMOS,"200 gr",,0
642,variation,07503050668099,"GALLETA DE CHOCOLATE (SUSPIROS) - 1 kg",1,0,visible,,,,,taxable,parent,1,,,0,0,,,,,0,,,110,,,,,,,id:640,,,,,,2,GRAMOS,"1 kg",,0
643,variable,,"GARBANZO ENCHILADO",1,0,visible,,,,,taxable,,1,7,,0,0,,,,,1,,,,Semillas,,,"http://lasdeliciasdelcampo.com/wp-content/uploads/2024/02/249.png, http://lasdeliciasdelcampo.com/wp-content/uploads/2024/02/GARBANZO-ENCHILADO.png",,,,,,,,,0,GRAMOS,"200 gr, 1 kg",1,0
644,variation,07503018231792,"GARBANZO ENCHILADO - 200 gr",1,0,visible,,,,,taxable,parent,1,,,0,0,,,,,0,,,25,,,,,,,id:643,,,,,,1,GRAMOS,"200 gr",,0
645,variation,07503050663636,"GARBANZO ENCHILADO - 1 kg",1,0,visible,,,,,taxable,parent,1,,,0,0,,,,,0,,,110,,,,,,,id:643,,,,,,2,GRAMOS,"1 kg",,0
646,variable,,"GIRASOL ENCHILADO",1,0,visible,,,,,taxable,,1,10,,0,0,,,,,1,,,,Semillas,,,"http://lasdeliciasdelcampo.com/wp-content/uploads/2024/02/244.png, http://lasdeliciasdelcampo.com/wp-content/uploads/2024/02/GIRASOL-ENCHILADO.png",,,,,,,,,0,GRAMOS,"200 gr, 1 kg",1,0
647,variation,07503018231808,"GIRASOL ENCHILADO - 200 gr",1,0,visible,,,,,taxable,parent,1,,,0,0,,,,,0,,,25,,,,,,,id:646,,,,,,1,GRAMOS,"200 gr",,0
648,variation,07503050663643,"GIRASOL ENCHILADO - 1 kg",1,0,visible,,,,,taxable,parent,1,,,0,0,,,,,0,,,110,,,,,,,id:646,,,,,,2,GRAMOS,"1 kg",,0
649,variable,,"GIRASOL GARAPIÑADO",1,0,visible,,,,,taxable,,1,7,,0,0,,,,,1,,,,Semillas,,,"http://lasdeliciasdelcampo.com/wp-content/uploads/2024/02/229.png, http://lasdeliciasdelcampo.com/wp-content/uploads/2024/02/GIRASOL-GARAPINADO.png",,,,,,,,,0,GRAMOS,"200 gr, 1 kg",1,0
650,variation,07503018231815,"GIRASOL GARAPIÑADO - 200 gr",1,0,visible,,,,,taxable,parent,1,,,0,0,,,,,0,,,25,,,,,,,id:649,,,,,,1,GRAMOS,"200 gr",,0
651,variation,07503050663650,"GIRASOL GARAPIÑADO - 1 kg",1,0,visible,,,,,taxable,parent,1,,,0,0,,,,,0,,,110,,,,,,,id:649,,,,,,2,GRAMOS,"1 kg",,0
652,variable,,"GIRASOL SALADO",1,0,visible,,,,,taxable,,1,10,,0,0,,,,,1,,,,Semillas,,,"http://lasdeliciasdelcampo.com/wp-content/uploads/2024/02/239.png, http://lasdeliciasdelcampo.com/wp-content/uploads/2024/02/GIRASOL-SALADO.png",,,,,,,,,0,GRAMOS,"200 gr, 1 kg",1,0
653,variation,07503018231822,"GIRASOL SALADO - 200 gr",1,0,visible,,,,,taxable,parent,1,,,0,0,,,,,0,,,25,,,,,,,id:652,,,,,,1,GRAMOS,"200 gr",,0
654,variation,07503050663667,"GIRASOL SALADO - 1 kg",1,0,visible,,,,,taxable,parent,1,,,0,0,,,,,0,,,110,,,,,,,id:652,,,,,,2,GRAMOS,"1 kg",,0
655,variable,,"GOMA ACIDITA (FRUTITAS)",1,0,visible,,,,,taxable,,1,10,,0,0,,,,,1,,,,Dulces,,,"http://lasdeliciasdelcampo.com/wp-content/uploads/2024/02/224.png, http://lasdeliciasdelcampo.com/wp-content/uploads/2024/02/GOMA-ACIDITA-FRUTITAS.png",,,,,,,,,0,GRAMOS,"200 gr, 1 kg",1,0
656,variation,07503050663261,"GOMA ACIDITA (FRUTITAS) - 200 gr",1,0,visible,,,,,taxable,parent,1,,,0,0,,,,,0,,,25,,,,,,,id:655,,,,,,1,GRAMOS,"200 gr",,0
657,variation,07503050668105,"GOMA ACIDITA (FRUTITAS) - 1 kg",1,0,visible,,,,,taxable,parent,1,,,0,0,,,,,0,,,110,,,,,,,id:655,,,,,,2,GRAMOS,"1 kg",,0
658,variable,,"GOMA DE CHILE CON CHAMOY",1,0,visible,,,,,taxable,,1,7,,0,0,,,,,1,,,,Dulces,,,"http://lasdeliciasdelcampo.com/wp-content/uploads/2024/02/209.png, http://lasdeliciasdelcampo.com/wp-content/uploads/2024/02/GOMA-DE-CHILE-CON-CHAMOY.png",,,,,,,,,0,GRAMOS,"200 gr, 1 kg",1,0
659,variation,07503050663278,"GOMA DE CHILE CON CHAMOY - 200 gr",1,0,visible,,,,,taxable,parent,1,,,0,0,,,,,0,,,25,,,,,,,id:658,,,,,,1,GRAMOS,"200 gr",,0
660,variation,07503050668112,"GOMA DE CHILE CON CHAMOY - 1 kg",1,0,visible,,,,,taxable,parent,1,,,0,0,,,,,0,,,110,,,,,,,id:658,,,,,,2,GRAMOS,"1 kg",,0
661,variable,,"GOMA DE DULCE",1,0,visible,,,,,taxable,,1,9,,0,0,,,,,1,,,,Dulces,,,"http://lasdeliciasdelcampo.com/wp-content/uploads/2024/02/219.png, http://lasdeliciasdelcampo.com/wp-content/uploads/2024/02/GOMA-DE-DULCE.png",,,,,,,,,0,GRAMOS,"200 gr, 1 kg",1,0
662,variation,07503050663285,"GOMA DE DULCE",1,0,visible,,,,,taxable,parent,1,,,0,0,,,,,0,,,25,,,,,,,id:661,,,,,,1,GRAMOS,,,0
663,variation,07503050668129,"GOMA DE DULCE - 1 kg",1,0,visible,,,,,taxable,parent,1,,,0,0,,,,,0,,,110,,,,,,,id:661,,,,,,2,GRAMOS,"1 kg",,0
664,variable,,"GOMA MORITAS",1,0,visible,,,,,taxable,,1,8,,0,0,,,,,1,,,,Dulces,,,"http://lasdeliciasdelcampo.com/wp-content/uploads/2024/02/205.png, http://lasdeliciasdelcampo.com/wp-content/uploads/2024/02/GOMA-MORITAS.png",,,,,,,,,0,GRAMOS,"200 gr, 1 kg",1,0
665,variation,07503050663292,"GOMA MORITAS - 200 gr",1,0,visible,,,,,taxable,parent,1,,,0,0,,,,,0,,,30,,,,,,,id:664,,,,,,1,GRAMOS,"200 gr",,0
666,variation,07503050668136,"GOMA MORITAS - 1 kg",1,0,visible,,,,,taxable,parent,1,,,0,0,,,,,0,,,130,,,,,,,id:664,,,,,,2,GRAMOS,"1 kg",,0
670,variable,,"GOMA MANGOMITA",1,0,visible,,,,,taxable,,1,3,,0,0,,,,,1,,,,Dulces,,,"http://lasdeliciasdelcampo.com/wp-content/uploads/2024/02/268.png, http://lasdeliciasdelcampo.com/wp-content/uploads/2024/02/GOMA-MANGOMITA.png",,,,,,,,,0,GRAMOS,"200 gr, 1 kg",1,0
671,variation,07503050663308,"GOMA MANGOMITA - 200 gr",1,0,visible,,,,,taxable,parent,1,,,0,0,,,,,0,,,25,,,,,,,id:670,,,,,,1,GRAMOS,"200 gr",,0
672,variation,07503050668143,"GOMA MANGOMITA - 1 kg",1,0,visible,,,,,taxable,parent,1,,,0,0,,,,,0,,,110,,,,,,,id:670,,,,,,2,GRAMOS,"1 kg",,0
673,variable,,"GOMA JELLY BEANS",1,0,visible,,,,,taxable,,1,10,,0,0,,,,,0,,,,Dulces,,,"http://lasdeliciasdelcampo.com/wp-content/uploads/2024/02/254.png, http://lasdeliciasdelcampo.com/wp-content/uploads/2024/02/GOMA-JELLY-BEANS.png",,,,,,,,,0,GRAMOS,"200 gr, 1 kg",1,0
674,variation,07503050663322,"GOMA JELLY BEANS - 200 gr",1,0,visible,,,,,taxable,parent,1,,,0,0,,,,,0,,,25,,,,,,,id:673,,,,,,1,GRAMOS,"200 gr",,0
675,variation,07503050668167,"GOMA JELLY BEANS - 1 kg",1,0,visible,,,,,taxable,parent,1,,,0,0,,,,,0,,,110,,,,,,,id:673,,,,,,2,GRAMOS,"1 kg",,0
676,variable,,"GOMA ROMPOPE",1,0,visible,,,,,taxable,,1,10,,0,0,,,,,1,,,,Dulces,,,"http://lasdeliciasdelcampo.com/wp-content/uploads/2024/02/214.png, http://lasdeliciasdelcampo.com/wp-content/uploads/2024/02/GOMA-ROMPOPE.png",,,,,,,,,0,GRAMOS,"250 gr, 1 kg",1,0
677,variation,07503050663339,"GOMA ROMPOPE - 250 gr",1,0,visible,,,,,taxable,parent,1,,,0,0,,,,,0,,,33,,,,,,,id:676,,,,,,1,GRAMOS,"250 gr",,0
678,variation,07503050668174,"GOMA ROMPOPE - 1 kg",1,0,visible,,,,,taxable,parent,1,,,0,0,,,,,0,,,122,,,,,,,id:676,,,,,,2,GRAMOS,"1 kg",,0
679,variable,,"HABAS ENCHILADAS",1,0,visible,,,,,taxable,,1,8,,0,0,,,,,1,,,,Semillas,,,"http://lasdeliciasdelcampo.com/wp-content/uploads/2024/02/234.png, http://lasdeliciasdelcampo.com/wp-content/uploads/2024/02/HABAS-ENCHILADAS.png",,,,,,,,,0,GRAMOS,"200 gr, 900 kg",1,0
680,variation,07503018231839,"HABAS ENCHILADAS - 200 gr",1,0,visible,,,,,taxable,parent,1,,,0,0,,,,,0,,,25,,,,,,,id:679,,,,,,1,GRAMOS,"200 gr",,0
681,variation,07503050663674,"HABAS ENCHILADAS - 900 kg",1,0,visible,,,,,taxable,parent,1,,,0,0,,,,,0,,,110,,,,,,,id:679,,,,,,2,GRAMOS,"900 kg",,0
682,variable,,"MAIZ POZOLERO ENCHILADO",1,0,visible,,,,,taxable,,1,7,,0,0,,,,,0,,,,Mixes,,,"http://lasdeliciasdelcampo.com/wp-content/uploads/2024/02/Delicias-del-campo-prodcutos-62.png, http://lasdeliciasdelcampo.com/wp-content/uploads/2024/02/MAIZ-POZOLERO-ENCHILADO.png",,,,,,,,,0,GRAMOS,"200 gr, 1 kg",1,0
683,variation,07503050663056,"MAIZ POZOLERO ENCHILADO - 200 gr",1,0,visible,,,,,taxable,parent,1,,,0,0,,,,,0,,,35,,,,,,,id:682,,,,,,1,GRAMOS,"200 gr",,0
684,variation,07503050663896,"MAIZ POZOLERO ENCHILADO - 1 kg",1,0,visible,,,,,taxable,parent,1,,,0,0,,,,,0,,,170,,,,,,,id:682,,,,,,2,GRAMOS,"1 kg",,0
688,variable,,"MAIZ POZOLERO CON QUESO CHEDAR",1,0,visible,,,,,taxable,,1,7,,0,0,,,,,1,,,,Mixes,,,"http://lasdeliciasdelcampo.com/wp-content/uploads/2024/02/Delicias-del-campo-prodcutos-59.png, http://lasdeliciasdelcampo.com/wp-content/uploads/2024/02/MAIZ-POZOLERO-CON-QUESO-CHEDAR.png",,,,,,,,,0,GRAMOS,"200 gr, 1 kg",1,0
689,variation,07503050663063,"MAIZ POZOLERO CON QUESO CHEDAR - 200 gr",1,0,visible,,,,,taxable,parent,1,,,0,0,,,,,0,,,35,,,,,,,id:688,,,,,,1,GRAMOS,"200 gr",,0
690,variation,07503050663902,"MAIZ POZOLERO CON QUESO CHEDAR - 1 kg",1,0,visible,,,,,taxable,parent,1,,,0,0,,,,,0,,,170,,,,,,,id:688,,,,,,2,GRAMOS,"1 kg",,0
691,variable,,"MAIZ POZOLERO SALADITO",1,0,visible,,,,,taxable,,1,9,,0,0,,,,,1,,,,Mixes,,,"http://lasdeliciasdelcampo.com/wp-content/uploads/2024/02/Delicias-del-campo-prodcutos-56.png, http://lasdeliciasdelcampo.com/wp-content/uploads/2024/02/MAIZ-POZOLERO-SALADITO.png",,,,,,,,,0,GRAMOS,"200 gr, 1 kg",1,0
692,variation,07503050663070,"MAIZ POZOLERO SALADITO - 200 gr",1,0,visible,,,,,taxable,parent,1,3,,0,0,,,,,0,,,35,,,,,,,id:691,,,,,,1,GRAMOS,"200 gr",,0
693,variation,07503050663919,"MAIZ POZOLERO SALADITO - 1 kg",1,0,visible,,,,,taxable,parent,1,,,0,0,,,,,0,,,170,,,,,,,id:691,,,,,,2,GRAMOS,"1 kg",,0
694,variable,,"MANGO ENCHILADO",1,0,visible,,,,,taxable,,0,0,,0,0,,,,,0,,,,"Frutos secos",,,"http://lasdeliciasdelcampo.com/wp-content/uploads/2024/02/200.png, http://lasdeliciasdelcampo.com/wp-content/uploads/2024/02/MANGO-ENCHILADO.png",,,,,,,,,0,GRAMOS,"200 gr, 1 kg",1,0
695,variation,07503050663155,"MANGO ENCHILADO - 200 gr",1,0,visible,,,,,taxable,parent,0,,,0,0,,,,,0,,,45,,,,,,,id:694,,,,,,1,GRAMOS,"200 gr",,0
696,variation,07503050663995,"MANGO ENCHILADO - 1 kg",1,0,visible,,,,,taxable,parent,0,,,0,0,,,,,0,,,180,,,,,,,id:694,,,,,,2,GRAMOS,"1 kg",,0
700,variable,,"NUEZ GARAPIÑADA",1,0,visible,,,,,taxable,,1,9,,0,0,,,,,1,,,,Nueces,,,"http://lasdeliciasdelcampo.com/wp-content/uploads/2024/02/Delicias-del-campo-prodcutos-41.png, http://lasdeliciasdelcampo.com/wp-content/uploads/2024/02/NUEZ-GARAPINADA.png",,,,,,,,,0,GRAMOS,"200 gr, 1 kg",1,0
701,variation,07503018231686,"NUEZ GARAPIÑADA - 200 gr",1,0,visible,,,,,taxable,parent,1,,,0,0,,,,,0,,,50,,,,,,,id:700,,,,,,1,GRAMOS,"200 gr",,0
702,variation,07503050663520,"NUEZ GARAPIÑADA - 1 kg",1,0,visible,,,,,taxable,parent,1,,,0,0,,,,,0,,,200,,,,,,,id:700,,,,,,2,GRAMOS,"1 kg",,0
703,variable,,"NUEZ CON CHOCOLATE",1,0,visible,,,,,taxable,,1,9,,0,0,,,,,1,,,,Nueces,,,"http://lasdeliciasdelcampo.com/wp-content/uploads/2024/02/Delicias-del-campo-prodcutos-44.png, http://lasdeliciasdelcampo.com/wp-content/uploads/2024/02/NUEZ-CON-CHOCOLATE.png",,,,,,,,,0,GRAMOS,"200 gr, 1 kg",1,0
704,variation,07503018231693,"NUEZ CON CHOCOLATE - 200 gr",1,0,visible,,,,,taxable,parent,1,,,0,0,,,,,0,,,50,,,,,,,id:703,,,,,,1,GRAMOS,"200 gr",,0
705,variation,07503050663537,"NUEZ CON CHOCOLATE - 1 kg",1,0,visible,,,,,taxable,parent,1,,,0,0,,,,,0,,,200,,,,,,,id:703,,,,,,2,GRAMOS,"1 kg",,0
706,variable,,"NUEZ DE LA INDIA HORNEADA SIN SAL",1,0,visible,,,,,taxable,,1,4,,0,0,,,,,1,,,,Nueces,,,"http://lasdeliciasdelcampo.com/wp-content/uploads/2024/02/Delicias-del-campo-prodcutos-32.png, http://lasdeliciasdelcampo.com/wp-content/uploads/2024/02/NUEZ-DE-LA-INDIA.png",,,,,,,,,0,GRAMOS,"200 gr, 1 kg",1,0
707,variation,07503018231709,"NUEZ DE LA INDIA HORNEADA SIN SAL - 200 gr",1,0,visible,,,,,taxable,parent,1,,,0,0,,,,,0,,,70,,,,,,,id:706,,,,,,1,GRAMOS,"200 gr",,0
708,variation,07503050663544,"NUEZ DE LA INDIA HORNEADA SIN SAL - 1 kg",1,0,visible,,,,,taxable,parent,1,,,0,0,,,,,0,,,330,,,,,,,id:706,,,,,,2,GRAMOS,"1 kg",,0
709,variable,,"NUEZ EN MITADES",1,0,visible,,,,,taxable,,1,10,,0,0,,,,,1,,,,Nueces,,,"http://lasdeliciasdelcampo.com/wp-content/uploads/2024/02/Delicias-del-campo-prodcutos-52.png, http://lasdeliciasdelcampo.com/wp-content/uploads/2024/02/NUEZ-EN-MITADES.png",,,,,,,,,0,GRAMOS,"200 gr, 1 kg",1,0
710,variation,07503018231716,"NUEZ EN MITADES - 200 gr",1,0,visible,,,,,taxable,parent,1,,,0,0,,,,,0,,,70,,,,,,,id:709,,,,,,1,GRAMOS,"200 gr",,0
711,variation,07503050663551,"NUEZ EN MITADES - 1 kg",1,0,visible,,,,,taxable,parent,1,,,0,0,,,,,0,,,330,,,,,,,id:709,,,,,,2,GRAMOS,"1 kg",,0
712,variable,,"NUEZ EN PEDAZO",1,0,visible,,,,,taxable,,1,10,,0,0,,,,,1,,,,Nueces,,,"http://lasdeliciasdelcampo.com/wp-content/uploads/2024/02/Delicias-del-campo-prodcutos-47.png, http://lasdeliciasdelcampo.com/wp-content/uploads/2024/02/NUEZ-EN-PEDAZO.png",,,,,,,,,0,GRAMOS,"200 gr, 1 kg",1,0
713,variation,07503018231723,"NUEZ EN PEDAZO - 200 gr",1,0,visible,,,,,taxable,parent,1,,,0,0,,,,,0,,,60,,,,,,,id:712,,,,,,1,GRAMOS,"200 gr",,0
714,variation,07503050663568,"NUEZ EN PEDAZO - 1 kg",1,0,visible,,,,,taxable,parent,1,,,0,0,,,,,0,,,285,,,,,,,id:712,,,,,,2,GRAMOS,"1 kg",,0
715,variable,,"NUEZ MIXTA (MEZCLA DE NUECES)",1,0,visible,,,,,taxable,,1,5,,0,0,,,,,1,,,,Nueces,,,"http://lasdeliciasdelcampo.com/wp-content/uploads/2024/02/Delicias-del-campo-prodcutos-50.png, http://lasdeliciasdelcampo.com/wp-content/uploads/2024/02/NUEZ-MIXTA.png",,,,,,,,,0,GRAMOS,"200 gr, 1 kg",1,0
716,variation,07503018231730,"NUEZ MIXTA (MEZCLA DE NUECES) - 200 gr",1,0,visible,,,,,taxable,parent,1,,,0,0,,,,,0,,,50,,,,,,,id:715,,,,,,1,GRAMOS,"200 gr",,0
717,variation,07503050663575,"NUEZ MIXTA (MEZCLA DE NUECES) - 1 kg",1,0,visible,,,,,taxable,parent,1,,,0,0,,,,,0,,,200,,,,,,,id:715,,,,,,2,GRAMOS,"1 kg",,0
718,variable,,"OREJON DE MANZANA DESHIDRATADA",1,0,visible,,,,,taxable,,1,4,,0,0,,,,,1,,,,"Frutos secos",,,"http://lasdeliciasdelcampo.com/wp-content/uploads/2024/02/282.png, http://lasdeliciasdelcampo.com/wp-content/uploads/2024/02/OREJON-DE-MANZANA.png",,,,,,,,,0,GRAMOS,"200 gr, 1 kg",1,0
719,variation,07503050663131,"OREJON DE MANZANA DESHIDRATADA - 200 gr",1,0,visible,,,,,taxable,parent,1,,,0,0,,,,,0,,,35,,,,,,,id:718,,,,,,1,GRAMOS,"200 gr",,0
720,variation,07503050663971,"OREJON DE MANZANA DESHIDRATADA - 1 kg",1,0,visible,,,,,taxable,parent,1,,,0,0,,,,,0,,,170,,,,,,,id:718,,,,,,2,GRAMOS,"1 kg",,0
721,variable,,"PASA RUBIA (DESHIDRATADA)",1,0,visible,,,,,taxable,,1,10,,0,0,,,,,1,,,,"Frutos secos",,,"http://lasdeliciasdelcampo.com/wp-content/uploads/2024/02/Delicias-del-campo-prodcutos-38.png, http://lasdeliciasdelcampo.com/wp-content/uploads/2024/02/PASA-RUBIA.png",,,,,,,,,0,GRAMOS,"200 gr, 1 kg",1,0
722,variation,07503050663162,"PASA RUBIA (DESHIDRATADA) - 200 gr",1,0,visible,,,,,taxable,parent,1,,,0,0,,,,,0,,,30,,,,,,,id:721,,,,,,1,GRAMOS,"200 gr",,0
723,variation,07503050668006,"PASA RUBIA (DESHIDRATADA) - 1 kg",1,0,visible,,,,,taxable,parent,1,,,0,0,,,,,0,,,140,,,,,,,id:721,,,,,,2,GRAMOS,"1 kg",,0
724,variable,,"PASA NEGRA (JUMBO)",1,0,visible,,,,,taxable,,1,10,,0,0,,,,,1,,,,"Frutos secos",,,http://lasdeliciasdelcampo.com/wp-content/uploads/2024/02/343.png,,,,,,,,,0,GRAMOS,"200 gr, 1 kg",1,0
725,variation,07503050663209,"PASA NEGRA (JUMBO) - 200 gr",1,0,visible,,,,,taxable,parent,1,,,0,0,,,,,0,,,20,,,,,,,id:724,,,,,,1,GRAMOS,"200 gr",,0
726,variation,07503050668044,"PASA NEGRA (JUMBO) - 1 kg",1,0,visible,,,,,taxable,parent,1,,,0,0,,,,,0,,,90,,,,,,,id:724,,,,,,2,GRAMOS,"1 kg",,0
727,variable,,"PEPITA CRIOLLA CON CASCARA",1,0,visible,,,,,taxable,,1,9,,0,0,,,,,1,,,,Semillas,,,"http://lasdeliciasdelcampo.com/wp-content/uploads/2024/02/Delicias-del-campo-prodcutos-74.png, http://lasdeliciasdelcampo.com/wp-content/uploads/2024/02/PEPITA-CRIOLLA-CON-CASCARA.png",,,,,,,,,0,GRAMOS,"200 gr, 1 kg",1,0
728,variation,07503018231846,"PEPITA CRIOLLA CON CASCARA",1,0,visible,,,,,taxable,parent,1,,,0,0,,,,,0,,,45,,,,,,,id:727,,,,,,1,GRAMOS,,,0
729,variation,07503050663681,"PEPITA CRIOLLA CON CASCARA - 1 kg",1,0,visible,,,,,taxable,parent,1,,,0,0,,,,,0,,,200,,,,,,,id:727,,,,,,2,GRAMOS,"1 kg",,0
730,variable,,"PEPITA VERDE HORNEADA",1,0,visible,,,,,taxable,,1,9,,0,0,,,,,1,,,,Semillas,,,"http://lasdeliciasdelcampo.com/wp-content/uploads/2024/02/Delicias-del-campo-prodcutos-71.png, http://lasdeliciasdelcampo.com/wp-content/uploads/2024/03/PEPITA-VERDE-FRITA.png",,,,,,,,,0,GRAMOS,"200 gr, 1 kg",1,0
731,variation,07503018231853,"PEPITA VERDE HORNEADA - 200 gr",1,0,visible,,,,,taxable,parent,1,,,0,0,,,,,0,,,50,,,,,,,id:730,,,,,,1,GRAMOS,"200 gr",,0
732,variation,07503050663698,"PEPITA VERDE HORNEADA - 1 kg",1,0,visible,,,,,taxable,parent,1,,,0,0,,,,,0,,,230,,,,,,,id:730,,,,,,2,GRAMOS,"1 kg",,0
733,variable,,"PIÑA ENCHILADA",1,0,visible,,,,,taxable,,1,6,,0,0,,,,,1,,,,"Frutos secos",,,"http://lasdeliciasdelcampo.com/wp-content/uploads/2024/02/264.png, http://lasdeliciasdelcampo.com/wp-content/uploads/2024/02/PINA-ENCHILADA.png",,,,,,,,,0,GRAMOS,"200 gr, 1 kg",1,0
734,variation,07503050663179,"PIÑA ENCHILADA - 200 gr",1,0,visible,,,,,taxable,parent,1,,,0,0,,,,,0,,,55,,,,,,,id:733,,,,,,1,GRAMOS,"200 gr",,0
735,variation,07503050668013,"PIÑA ENCHILADA - 1 kg",1,0,visible,,,,,taxable,parent,1,,,0,0,,,,,0,,,270,,,,,,,id:733,,,,,,2,GRAMOS,"1 kg",,0
736,variable,,"PISTACHE NATURAL",1,0,visible,,,,,taxable,,1,6,,0,0,,,,,0,,,,Nueces,,,"http://lasdeliciasdelcampo.com/wp-content/uploads/2024/02/Delicias-del-campo-prodcutos-35.png, http://lasdeliciasdelcampo.com/wp-content/uploads/2024/02/PISTACHE-NATURAL.png",,,,,,,,,0,GRAMOS,"200 gr, 1 kg",1,0
737,variation,07503018231747,"PISTACHE NATURAL - 200 gr",1,0,visible,,,,,taxable,parent,1,,,0,0,,,,,0,,,70,,,,,,,id:736,,,,,,1,GRAMOS,"200 gr",,0
738,variation,07503050663582,"PISTACHE NATURAL - 1 kg",1,0,visible,,,,,taxable,parent,1,,,0,0,,,,,0,,,330,,,,,,,id:736,,,,,,2,GRAMOS,"1 kg",,0
739,variable,,"PISTACHE ENCHILADO O CON AJO",1,0,visible,,,,,taxable,,1,5,,0,0,,,,,1,,,,Nueces,,,"http://lasdeliciasdelcampo.com/wp-content/uploads/2024/02/312.png, http://lasdeliciasdelcampo.com/wp-content/uploads/2024/02/PISTACHE-ENCHILADO-O-CON-AJO.png",,,,,,,,,0,GRAMOS,"200 gr, 1 kg",1,0
740,variation,07503018231754,"PISTACHE ENCHILADO O CON AJO - 200 gr",1,0,visible,,,,,taxable,parent,1,,,0,0,,,,,0,,,75,,,,,,,id:739,,,,,,1,GRAMOS,"200 gr",,0
741,variation,07503050663599,"PISTACHE ENCHILADO O CON AJO - 1 kg",1,0,visible,,,,,taxable,parent,1,,,0,0,,,,,0,,,350,,,,,,,id:739,,,,,,2,GRAMOS,"1 kg",,0
742,variable,,"PLATANO ENCHILADO (HORNEADO)",1,0,visible,,,,,taxable,,1,1,,0,0,,,,,0,,,,"Frutos secos",,,"http://lasdeliciasdelcampo.com/wp-content/uploads/2024/02/Delicias-del-campo-prodcutos-68.png, http://lasdeliciasdelcampo.com/wp-content/uploads/2024/02/PLATANO-ENCHILADO-HORNEADO.png",,,,,,,,,0,GRAMOS,"200 gr, 1 kg",1,0
743,variation,07503050663186,"PLATANO ENCHILADO (HORNEADO) - 200 gr",1,0,visible,,,,,taxable,parent,1,,,0,0,,,,,0,,,30,,,,,,,id:742,,,,,,1,GRAMOS,"200 gr",,0
744,variation,07503050668020,"PLATANO ENCHILADO (HORNEADO) - 1 kg",1,0,visible,,,,,taxable,parent,1,,,0,0,,,,,0,,,140,,,,,,,id:742,,,,,,2,GRAMOS,"1 kg",,0
745,variable,,"PLATANO NATURAL (HORNEADO)",1,0,visible,,,,,taxable,,1,100,,0,0,,,,,0,,,,"Frutos secos",,,"http://lasdeliciasdelcampo.com/wp-content/uploads/2024/02/Delicias-del-campo-prodcutos-65.png, http://lasdeliciasdelcampo.com/wp-content/uploads/2024/02/PLATANO-NATURAL.png",,,,,,,,,0,GRAMOS,"200 gr, 1 kg",1,0
746,variation,07503050663193,"PLATANO NATURAL (HORNEADO) - 200 gr",1,0,visible,,,,,taxable,parent,1,,,0,0,,,,,0,,,30,,,,,,,id:745,,,,,,1,GRAMOS,"200 gr",,0
747,variation,07503050668037,"PLATANO NATURAL (HORNEADO) - 1 kg",1,0,visible,,,,,taxable,parent,1,,,0,0,,,,,0,,,140,,,,,,,id:745,,,,,,2,GRAMOS,"1 kg",,0
748,variable,,"SOYA NATURAL C/ MEZCLA DE SEMILLAS",1,0,visible,,,,,taxable,,1,1,,0,0,,,,,1,,,,Semillas,,,"http://lasdeliciasdelcampo.com/wp-content/uploads/2024/02/Delicias-del-campo-prodcutos-15-1.png, http://lasdeliciasdelcampo.com/wp-content/uploads/2024/02/SOYA-NATURAL.png",,,,,,,,,0,GRAMOS,"200 gr, 1 kg",1,0
749,variation,07503018231860,"SOYA NATURAL C/ MEZCLA DE SEMILLAS - 200 gr",1,0,visible,,,,,taxable,parent,1,,,0,0,,,,,0,,,20,,,,,,,id:748,,,,,,1,GRAMOS,"200 gr",,0
750,variation,07503050663704,"SOYA NATURAL C/ MEZCLA DE SEMILLAS - 1 kg",1,0,visible,,,,,taxable,parent,1,,,0,0,,,,,0,,,90,,,,,,,id:748,,,,,,2,GRAMOS,"1 kg",,0
751,variable,,"TAMACHU (BOLITAS DE TAMARINDO)",1,0,visible,,,,,taxable,,1,10,,0,0,,,,,0,,,,Dulces,,,"http://lasdeliciasdelcampo.com/wp-content/uploads/2024/02/307.png, http://lasdeliciasdelcampo.com/wp-content/uploads/2024/02/TAMACHU-.png",,,,,,,,,0,GRAMOS,"200 gr, 1 kg",1,0
752,variation,07503050663346,"TAMACHU (BOLITAS DE TAMARINDO) - 200 gr",1,0,visible,,,,,taxable,parent,1,,,0,0,,,,,0,,,25,,,,,,,id:751,,,,,,1,GRAMOS,"200 gr",,0
753,variation,07503050668181,"TAMACHU (BOLITAS DE TAMARINDO) - 1 kg",1,0,visible,,,,,taxable,parent,1,,,0,0,,,,,0,,,110,,,,,,,id:751,,,,,,2,GRAMOS,"1 kg",,0
757,variable,,"BETABEL NATURAL",1,0,visible,,,,,taxable,,1,5,,0,0,,,,,1,,,,"Verduras Deshidratadas",,,http://lasdeliciasdelcampo.com/wp-content/uploads/2024/02/Delicias-del-campo-prodcutos-13-1.png,,,,,,,,,0,GRAMOS,"60 gr, 1 kg",1,0
758,variation,07503018231648,"BETABEL NATURAL - 60 gr",1,0,visible,,,,,taxable,parent,1,,,0,0,,,,,0,,,20,,,,,,,id:757,,,,,,1,GRAMOS,"60 gr",,0
759,variation,07503050663483,"BETABEL NATURAL - 1 kg",1,0,visible,,,,,taxable,parent,1,,,0,0,,,,,0,,,210,,,,,,,id:757,,,,,,2,GRAMOS,"1 kg",,0
760,variable,,"BETABEL ENCHILADO",1,0,visible,,,,,taxable,,0,0,,0,0,,,,,0,,,,"Verduras Deshidratadas",,,http://lasdeliciasdelcampo.com/wp-content/uploads/2024/02/Delicias-del-campo-prodcutos-14-1.png,,,,,,,,,0,GRAMOS,"60 gr, 1 kg",1,0
761,variation,07503018231631,"BETABEL ENCHILADO - 60 gr",1,0,visible,,,,,taxable,parent,0,,,0,0,,,,,0,,,20,,,,,,,id:760,,,,,,1,GRAMOS,"60 gr",,0
762,variation,07503050663476,"BETABEL ENCHILADO - 1 kg",1,0,visible,,,,,taxable,parent,0,,,0,0,,,,,0,,,210,,,,,,,id:760,,,,,,2,GRAMOS,"1 kg",,0
763,variable,,"CAMOTE NATURAL",1,0,visible,,,,,taxable,,1,5,,0,0,,,,,1,,,,"Verduras Deshidratadas",,,http://lasdeliciasdelcampo.com/wp-content/uploads/2024/02/Delicias-del-campo-prodcutos-11-1.png,,,,,,,,,0,GRAMOS,"60 gr, 1 kg",1,0
764,variation,07503018231624,"CAMOTE NATURAL - 60 gr",1,0,visible,,,,,taxable,parent,1,,,0,0,,,,,0,,,20,,,,,,,id:763,,,,,,1,GRAMOS,"60 gr",,0
765,variation,07503050663469,"CAMOTE NATURAL - 1 kg",1,0,visible,,,,,taxable,parent,1,,,0,0,,,,,0,,,210,,,,,,,id:763,,,,,,2,GRAMOS,"1 kg",,0
766,variable,,"CAMOTE ENCHILADO",1,0,visible,,,,,taxable,,1,4,,0,0,,,,,1,,,,"Verduras Deshidratadas",,,http://lasdeliciasdelcampo.com/wp-content/uploads/2024/02/Delicias-del-campo-prodcutos-10-1.png,,,,,,,,,0,GRAMOS,"60 gr, 1 kg",1,0
767,variation,07503018231617,"CAMOTE ENCHILADO - 60 gr",1,0,visible,,,,,taxable,parent,1,,,0,0,,,,,0,,,20,,,,,,,id:766,,,,,,1,GRAMOS,"60 gr",,0
768,variation,07503050663452,"CAMOTE ENCHILADO - 1 kg",1,0,visible,,,,,taxable,parent,1,,,0,0,,,,,0,,,210,,,,,,,id:766,,,,,,2,GRAMOS,"1 kg",,0
769,variable,,"JICAMA NATURAL",1,0,visible,,,,,taxable,,1,7,,0,0,,,,,1,,,,"Verduras Deshidratadas",,,http://lasdeliciasdelcampo.com/wp-content/uploads/2024/02/Delicias-del-campo-prodcutos-9-1.png,,,,,,,,,0,GRAMOS,"60 gr, 1 kg",1,0
770,variation,07503018231600,"JICAMA NATURAL - 60 gr",1,0,visible,,,,,taxable,parent,1,,,0,0,,,,,0,,,20,,,,,,,id:769,,,,,,1,GRAMOS,"60 gr",,0
771,variation,07503050663445,"JICAMA NATURAL - 1 kg",1,0,visible,,,,,taxable,parent,1,,,0,0,,,,,0,,,210,,,,,,,id:769,,,,,,2,GRAMOS,"1 kg",,0
772,variable,,"JICAMA ENCHILADA",1,0,visible,,,,,taxable,,0,0,,0,0,,,,,0,,,,"Verduras Deshidratadas",,,http://lasdeliciasdelcampo.com/wp-content/uploads/2024/02/Delicias-del-campo-prodcutos-8-1.png,,,,,,,,,0,GRAMOS,"60 gr, 1 kg",1,0
773,variation,07503018231594,"JICAMA ENCHILADA - 60 gr",1,0,visible,,,,,taxable,parent,0,,,0,0,,,,,0,,,20,,,,,,,id:772,,,,,,1,GRAMOS,"60 gr",,0
774,variation,07503050663438,"JICAMA ENCHILADA - 1 kg",1,0,visible,,,,,taxable,parent,0,,,0,0,,,,,0,,,210,,,,,,,id:772,,,,,,2,GRAMOS,"1 kg",,0
775,variable,,"ZANAHORIA NATURAL",1,0,visible,,,,,taxable,,1,7,,0,0,,,,,1,,,,"Verduras Deshidratadas",,,http://lasdeliciasdelcampo.com/wp-content/uploads/2024/02/Delicias-del-campo-prodcutos-7-1.png,,,,,,,,,0,GRAMOS,"60 gr, 1 kg",1,0
776,variation,07503018231587,"ZANAHORIA NATURAL - 60 gr",1,0,visible,,,,,taxable,parent,1,,,0,0,,,,,0,,,20,,,,,,,id:775,,,,,,1,GRAMOS,"60 gr",,0
777,variation,07503050663421,"ZANAHORIA NATURAL - 1 kg",1,0,visible,,,,,taxable,parent,1,,,0,0,,,,,0,,,210,,,,,,,id:775,,,,,,2,GRAMOS,"1 kg",,0
778,variable,,"ZANAHORIA ENCHILADA",1,0,visible,,,,,taxable,,1,4,,0,0,,,,,0,,,,"Verduras Deshidratadas",,,http://lasdeliciasdelcampo.com/wp-content/uploads/2024/02/Delicias-del-campo-prodcutos-6-2.png,,,,,,,,,0,GRAMOS,"60 gr, 1 kg",1,0
779,variation,07503018231570,"ZANAHORIA ENCHILADA - 60 gr",1,0,visible,,,,,taxable,parent,1,,,0,0,,,,,0,,,20,,,,,,,id:778,,,,,,1,GRAMOS,"60 gr",,0
780,variation,07503050663414,"ZANAHORIA ENCHILADA - 1 kg",1,0,visible,,,,,taxable,parent,1,,,0,0,,,,,0,,,210,,,,,,,id:778,,,,,,2,GRAMOS,"1 kg",,0
781,variable,,"MALANGA NATURAL",1,0,visible,,,,,taxable,,0,0,,0,0,,,,,1,,,,"Verduras Deshidratadas",,,http://lasdeliciasdelcampo.com/wp-content/uploads/2024/02/Delicias-del-campo-prodcutos-5-2.png,,,,,,,,,0,GRAMOS,"60 gr, 1 kg",1,0
782,variation,07503018231563,"MALANGA NATURAL - 60 gr",1,0,visible,,,,,taxable,parent,0,,,0,0,,,,,0,,,20,,,,,,,id:781,,,,,,1,GRAMOS,"60 gr",,0
783,variation,07503050663407,"MALANGA NATURAL - 1 kg",1,0,visible,,,,,taxable,parent,0,,,0,0,,,,,0,,,210,,,,,,,id:781,,,,,,2,GRAMOS,"1 kg",,0
784,variable,,"MALANGA ENCHILADA",1,0,visible,,,,,taxable,,0,0,,0,0,,,,,1,,,,"Verduras Deshidratadas",,,http://lasdeliciasdelcampo.com/wp-content/uploads/2024/02/Delicias-del-campo-prodcutos-4-2.png,,,,,,,,,0,GRAMOS,"60 gr, 1 kg",1,0
785,variation,07503018231556,"MALANGA ENCHILADA - 60 gr",1,0,visible,,,,,taxable,parent,0,,,0,0,,,,,0,,,20,,,,,,,id:784,,,,,,1,GRAMOS,"60 gr",,0
786,variation,07503050663391,"MALANGA ENCHILADA - 1 kg",1,0,visible,,,,,taxable,parent,0,,,0,0,,,,,0,,,210,,,,,,,id:784,,,,,,2,GRAMOS,"1 kg",,0
1193,variable,,"FRUTA MIX DESHIDRATADA (MEZCLA)",1,0,visible,,,,,taxable,,1,9,,0,0,,,,,0,,,,"Frutos secos",,,"http://lasdeliciasdelcampo.com/wp-content/uploads/2024/03/278.png, http://lasdeliciasdelcampo.com/wp-content/uploads/2024/03/FRUTA-MIX-DESHIDRATADA-MIX.png",,,,,,,,,0,GRAMOS,"200 gr, 1 kg",1,0
1194,variation,07503050663148,"FRUTA MIX DESHIDRATADA (MEZCLA) - 200 gr",1,0,visible,,,,,taxable,parent,1,,,0,0,,,,,0,,,35,,,,,,,id:1193,,,,,,1,GRAMOS,"200 gr",,0
1195,variation,07503050663988,"FRUTA MIX DESHIDRATADA (MEZCLA) - 1 kg",1,0,visible,,,,,taxable,parent,1,,,0,0,,,,,0,,,170,,,,,,,id:1193,,,,,,2,GRAMOS,"1 kg",,0
1197,variable,,TARUGOS,1,0,visible,,,,,taxable,,1,9,,0,0,,,,,0,,,,Dulces,,,"http://lasdeliciasdelcampo.com/wp-content/uploads/2024/03/287.png, http://lasdeliciasdelcampo.com/wp-content/uploads/2024/03/TARUGOS.png",,,,,,,,,0,GRAMOS,"200 gr, 1 kg",1,0
1198,variation,07503050663353,"TARUGOS - 200 gr",1,0,visible,,,,,taxable,parent,1,,,0,0,,,,,0,,,25,,,,,,,id:1197,,,,,,1,GRAMOS,"200 gr",,0
1199,variation,07503050668198,"TARUGOS - 1 kg",1,0,visible,,,,,taxable,parent,1,,,0,0,,,,,0,,,110,,,,,,,id:1197,,,,,,2,GRAMOS,"1 kg",,0
1201,variable,,"CIRUELA SIN HUES",1,0,visible,,,,,taxable,,1,10,,0,0,,,,,0,,,,"Frutos secos",,,"http://lasdeliciasdelcampo.com/wp-content/uploads/2024/03/292.png, http://lasdeliciasdelcampo.com/wp-content/uploads/2024/03/CIRUELASNG.png",,,,,,,,,0,GRAMOS,"200 gr, 1 kg",1,0
1202,variation,07503050663230,"CIRUELA SIN HUES - 200 gr",1,0,visible,,,,,taxable,parent,1,,,0,0,,,,,0,,,30,,,,,,,id:1201,,,,,,1,GRAMOS,"200 gr",,0
1203,variation,07503050668075,"CIRUELA SIN HUES - 1 kg",1,0,visible,,,,,taxable,parent,1,,,0,0,,,,,0,,,140,,,,,,,id:1201,,,,,,2,GRAMOS,"1 kg",,0
1326,variable,,"CIRUELA CON HUESO",1,0,visible,,,,,taxable,,1,10,,0,0,,,,,0,,,,"Frutos secos",,,"http://lasdeliciasdelcampo.com/wp-content/uploads/2024/03/Delicias-del-campo-prodcutos-16.png, http://lasdeliciasdelcampo.com/wp-content/uploads/2024/03/CIRUELA.png",,,,,,,,,0,GRAMOS,"200 gr, 1 kg",1,0
1330,variable,,"GOMA MANGOMITA / TAJIN",1,0,visible,,,,,taxable,,1,6,,0,0,,,,,0,,,,Dulces,,,http://lasdeliciasdelcampo.com/wp-content/uploads/2024/03/Delicias-del-campo-prodcutos-17.png,,,,,,,,,0,GRAMOS,"200 gr, 1 kg",1,0
1331,variation,07503050663315,"GOMA MANGOMITA / TAJIN - 200 gr",1,0,visible,,,,,taxable,parent,1,,,0,0,,,,,0,,,25,,,,,,,id:1330,,,,,,1,GRAMOS,"200 gr",,0
1332,variation,07503050668150,"GOMA MANGOMITA / TAJIN - 1 kg",1,0,visible,,,,,taxable,parent,1,,,0,0,,,,,0,,,110,,,,,,,id:1330,,,,,,2,GRAMOS,"1 kg",,0
1334,variable,,"GOMA ARO DURAZNO",1,0,visible,,,,,taxable,,1,10,,0,0,,,,,0,,,,Dulces,,,http://lasdeliciasdelcampo.com/wp-content/uploads/2024/03/Delicias-del-campo-prodcutos-18.png,,,,,,,,,0,GRAMOS,"200 gr, 1 kg",1,0
1335,variation,07503050663377,"GOMA ARO DURAZNO - 200 gr",1,0,visible,,,,,taxable,parent,0,0,,0,0,,,,,0,,,25,,,,,,,id:1334,,,,,,1,GRAMOS,"200 gr",,0
1336,variation,07503050668211,"GOMA ARO DURAZNO - 1 kg",1,0,visible,,,,,taxable,parent,1,,,0,0,,,,,0,,,110,,,,,,,id:1334,,,,,,2,GRAMOS,"1 kg",,0
1338,variable,,"GOMA ARO MANZANA",1,0,visible,,,,,taxable,,1,9,,0,0,,,,,0,,,,Dulces,,,http://lasdeliciasdelcampo.com/wp-content/uploads/2024/03/Delicias-del-campo-prodcutos-19.png,,,,,,,,,0,GRAMOS,"200 gr, 1 kg",1,0
1339,variation,07503050663360,"GOMA ARO MANZANA - 200 gr",1,0,visible,,,,,taxable,parent,1,,,0,0,,,,,0,,,25,,,,,,,id:1338,,,,,,1,GRAMOS,"200 gr",,0
1340,variation,07503050668204,"GOMA ARO MANZANA - 1 kg",1,0,visible,,,,,taxable,parent,1,,,0,0,,,,,0,,,110,,,,,,,id:1338,,,,,,2,GRAMOS,"1 kg",,0
1343,variable,,"PEPITA VERDE FRITA",1,0,visible,,,,,taxable,,0,0,,0,0,,,,,1,,,,Semillas,,,"http://lasdeliciasdelcampo.com/wp-content/uploads/2024/03/Delicias-del-campo-prodcutos-20.png, http://lasdeliciasdelcampo.com/wp-content/uploads/2024/03/PEPITA-VERDE-FRITA.png",,,,,,,,,0,GRAMOS,"200 gr, 1 kg",1,0
1344,variation,07503018231877,"PEPITA VERDE FRITA - 200 gr",1,0,visible,,,,,taxable,parent,0,,,0,0,,,,,0,,,50,,,,,,,id:1343,,,,,,1,GRAMOS,"200 gr",,0
1345,variation,07503050663711,"PEPITA VERDE FRITA - 1 kg",1,0,visible,,,,,taxable,parent,0,,,0,0,,,,,0,,,220,,,,,,,id:1343,,,,,,2,GRAMOS,"1 kg",,0
1347,variable,,"HABAS ENCHILADAS EN HOJUELAS",1,0,visible,,,,,taxable,,1,3,,0,0,,,,,1,,,,Semillas,,,http://lasdeliciasdelcampo.com/wp-content/uploads/2024/03/Delicias-del-campo-prodcutos-21.png,,,,,,,,,0,GRAMOS,"200 gr, 1 kg",1,0
1348,variation,07503018231884,"HABAS ENCHILADAS EN HOJUELAS - 200 gr",1,0,visible,,,,,taxable,parent,1,1,,0,0,,,,,0,,,35,,,,,,,id:1347,,,,,,1,GRAMOS,"200 gr",,0
1349,variation,07503050663728,"HABAS ENCHILADAS EN HOJUELAS - 1 kg",1,0,visible,,,,,taxable,parent,1,3,,0,0,,,,,0,,,150,,,,,,,id:1347,,,,,,2,GRAMOS,"1 kg",,0
1497,variable,,"CHURRO PIQUIN",1,0,visible,,,,,taxable,,1,2,,0,0,,,,,1,,,,Mixes,,,http://lasdeliciasdelcampo.com/wp-content/uploads/2024/03/Delicias-del-campo-prodcutos-5.png,,,,,,,,,0,GRAMOS,"200 gr, 800 gr",1,0
1498,variation,07503050663087,"CHURRO PIQUIN - 200 gr",1,0,visible,,,,,taxable,parent,1,,,0,0,,,,,0,,,25,,,,,,,id:1497,,,,,,1,GRAMOS,"200 gr",,0
1499,variation,07503050663926,"CHURRO PIQUIN - 800 gr",1,0,visible,,,,,taxable,parent,1,,,0,0,,,,,0,,,110,,,,,,,id:1497,,,,,,2,GRAMOS,"800 gr",,0
1524,variable,,"PASAS CUBIERTAS DE CHOCOLATE",1,0,visible,,,,,taxable,,1,2,,0,0,,,,,1,,,,Dulces,,,http://lasdeliciasdelcampo.com/wp-content/uploads/2024/04/Delicias-del-campo-prodcutos.png,,,,,,,,,0,GRAMOS,"250 gr, 1 kg",1,0
1525,variation,,"PASAS CUBIERTAS DE CHOCOLATE - 250 gr",1,0,visible,,,,,taxable,parent,1,,,0,0,,,,,0,,,25,,,,,,,id:1524,,,,,,1,GRAMOS,"250 gr",,0
1526,variation,,"PASAS CUBIERTAS DE CHOCOLATE - 1 kg",1,0,visible,,,,,taxable,parent,1,,,0,0,,,,,0,,,90,,,,,,,id:1524,,,,,,2,GRAMOS,"1 kg",,0
1530,simple,,"CAJA AMARILLA",'-1,0,visible,"<span class=""OYPEnA text-decoration-none text-strikethrough-none"" style=""font-size: 12px;""><span style=""vertical-align: inherit;""><span style=""vertical-align: inherit;""><span style=""vertical-align: inherit;""><span style=""vertical-align: inherit;"">INCLUYE:</span></span></span></span></span>\n<ul>\n 	<li><span class=""OYPEnA text-decoration-none text-strikethrough-none"" style=""font-size: 12px;""><span style=""vertical-align: inherit;""><span style=""vertical-align: inherit;""><span style=""vertical-align: inherit;""><span style=""vertical-align: inherit;"">MANGOMITA 210gr</span></span></span></span></span></li>\n 	<li><span class=""OYPEnA text-decoration-none text-strikethrough-none"" style=""font-size: 12px;""><span style=""vertical-align: inherit;""><span style=""vertical-align: inherit;""><span style=""vertical-align: inherit;""><span style=""vertical-align: inherit;"">SUSPIRO 100 gr</span></span></span></span></span></li>\n 	<li><span class=""OYPEnA text-decoration-none text-strikethrough-none"" style=""font-size: 12px;""><span style=""vertical-align: inherit;""><span style=""vertical-align: inherit;""><span style=""vertical-align: inherit;""><span style=""vertical-align: inherit;"">CACAHUATE GARAPIÑADO 140 gr</span></span></span></span></span></li>\n 	<li><span class=""OYPEnA text-decoration-none text-strikethrough-none"" style=""font-size: 12px;""><span style=""vertical-align: inherit;""><span style=""vertical-align: inherit;""><span style=""vertical-align: inherit;""><span style=""vertical-align: inherit;"">PISTACHO 100 gr</span></span></span></span></span></li>\n</ul>",,,,taxable,,1,3,,0,0,,,,,0,,,300,"Cajas de regalo",,,http://lasdeliciasdelcampo.com/wp-content/uploads/2024/04/345-1.png,,,,,,,,,0,Caja,"Sin Promoción, Con promoción",1,0
1543,simple,,"CAJA ROSA CLARO",'-1,0,visible,"<span class=""OYPEnA text-decoration-none text-strikethrough-none"" style=""font-size: 12px;"">INCLUYE:</span>\n<ul>\n 	<li><span style=""font-size: 12px;"">CACAHUATE MANGO 110 GR</span></li>\n 	<li><span style=""font-size: 12px;"">NUEZ DE A INDIA 125 GR</span></li>\n 	<li><span style=""font-size: 12px;"">PISTACHE NATURAL 100 GR</span></li>\n 	<li><span style=""font-size: 12px;"">NUEZ MITAD 110 GR</span></li>\n</ul>",,,,taxable,,1,10,,0,0,,,,,0,,,320,"Cajas de regalo",,,http://lasdeliciasdelcampo.com/wp-content/uploads/2024/04/346.png,,,,,,,,,0,Caja,"Sin Promoción, Con Promoción",1,0
1546,simple,,"CAJA ROSA FIUSHA",'-1,0,visible,"<span class=""OYPEnA text-decoration-none text-strikethrough-none"" style=""font-size: 12px;"">INCLUYE:</span>\n<ul>\n 	<li><span style=""font-size: 12px;"">CACAHUATE ESPAÑOL 125 GR</span></li>\n 	<li><span style=""font-size: 12px;"">PIÑA ENCHILADA 250 GR</span></li>\n 	<li><span style=""font-size: 12px;"">PISTACHE NATURAL 100 GR</span></li>\n 	<li><span style=""font-size: 12px;"">NUEZ CUBIERTA CON CHOCOLATE 170 GR</span></li>\n</ul>",,,,taxable,,1,3,,0,0,,,,,0,,,350,"Cajas de regalo",,,http://lasdeliciasdelcampo.com/wp-content/uploads/2024/04/347.png,,,,,,,,,0,Caja,"Sin Promoción, Con Promoción",1,0
1549,simple,,"CAJA LILA",'-1,0,visible,"<span class=""OYPEnA text-decoration-none text-strikethrough-none"" style=""font-size: 12px;"">INCLUYE:</span>\n<ul>\n 	<li><span style=""font-size: 12px;"">CACAHUATE MANGO 110 GR</span></li>\n 	<li><span style=""font-size: 12px;"">NUEZ GARAPIÑADA 130 GR</span></li>\n 	<li><span style=""font-size: 12px;"">PASA CUBIERTO DE CHOCOLATE 160 GR</span></li>\n 	<li><span style=""font-size: 12px;"">PISTACHE NATURAL 100 GR</span></li>\n</ul>",,,,taxable,,1,1,,0,0,,,,,0,,,280,"Cajas de regalo",,,http://lasdeliciasdelcampo.com/wp-content/uploads/2024/04/348.png,,,,,,,,,0,Caja,"Sin Promoción, Con promoción",1,0
1595,simple,,"Canasta delicias",1,0,visible,"La Canasta Delicia contiene:\n<ul>\n 	<li>250 gr | CACAHUATE JAPONES C/QUESO CHEDAR</li>\n 	<li>250 gr | CHURRO PIQUIN</li>\n 	<li>250 gr | GOMA ARO MANZANA</li>\n 	<li>250 gr | NUEZ EN MITADES</li>\n 	<li>250 gr | PLATANO NATURAL (HORNEADO)</li>\n 	<li>250 gr | GOMA DE CHILE CON CHAMOY</li>\n</ul>","La Canasta Delicia contiene:\n<ul>\n 	<li>250 gr | CACAHUATE JAPONES C/QUESO CHEDAR</li>\n 	<li>250 gr | CHURRO PIQUIN</li>\n 	<li>250 gr | GOMA ARO MANZANA</li>\n 	<li>250 gr | NUEZ EN MITADES</li>\n 	<li>250 gr | PLATANO NATURAL (HORNEADO)</li>\n 	<li>250 gr | GOMA DE CHILE CON CHAMOY</li>\n</ul>",,,taxable,,1,10,,0,0,,,,,1,,,250,Canasta,,,http://lasdeliciasdelcampo.com/wp-content/uploads/2024/05/Delicias-Cnasta-1.png,,,,,,,,,0,,,,
1611,simple,,"Canasta delicias Paquete 2",1,0,visible,"&nbsp;\n\nLa Canasta Delicia 2 contiene:\n\n250 gr CACAHUATE GARAPIÑADO\n250 gr CACAHUATE JAPONES C/QUESO CHEDAR\n250 gr GOMA ACIDITA (FRUTITAS)\n250 gr OREJON DE MANZANA DESHIDRATADA\n250 gr CAMOTE ENCHILADO\n250 gr CACAHUATE ENCHILADO\n250 gr CHICHARO ENCHILADO","La Canasta Delicia 2 contiene:\n\n250 gr CACAHUATE GARAPIÑADO\n250 gr CACAHUATE JAPONES C/QUESO CHEDAR\n250 gr GOMA ACIDITA (FRUTITAS)\n250 gr OREJON DE MANZANA DESHIDRATADA\n250 gr CAMOTE ENCHILADO\n250 gr CACAHUATE ENCHILADO\n250 gr CHICHARO ENCHILADO",,,taxable,,1,10,,0,0,,,,,1,,,250,Canasta,,,http://lasdeliciasdelcampo.com/wp-content/uploads/2024/05/Canaste-2.png,,,,,,,,,0,,,,
1612,simple,,"Canasta delicias Paquete 3",1,0,visible,"La Canasta Delicia 3 contiene:\n\n250 g NUEZ CON CHOCOLATE\n250 g ZANAHORIA ENCHILADA\n250 g GOMA MORITAS\n250 g PLATANO ENCHILADO (HORNEADO)\n250 g CACAHUATE JAPONES CON CHIPOTLE\n250 g GOMA ROMPOPE\n250 g CACAHUATE GARAP/AJONJOLI","La Canasta Delicia 3 contiene:\n<ul>\n 	<li>250 g NUEZ CON CHOCOLATE</li>\n 	<li>250 g ZANAHORIA ENCHILADA</li>\n 	<li>250 g GOMA MORITAS</li>\n 	<li>250 g PLATANO ENCHILADO (HORNEADO)</li>\n 	<li>250 g CACAHUATE JAPONES CON CHIPOTLE</li>\n 	<li>250 g GOMA ROMPOPE</li>\n 	<li>250 g CACAHUATE GARAP/AJONJOLI</li>\n</ul>",,,taxable,,1,10,,0,0,,,,,1,,,250,Canasta,,,http://lasdeliciasdelcampo.com/wp-content/uploads/2024/05/Canasta-3.png,,,,,,,,,0,,,,
1621,variation,,"CIRUELA CON HUESO - 200 gr",1,0,visible,,,,,taxable,parent,1,3,,0,0,,,,,0,,,25,,,,,,,id:1326,,,,,,1,GRAMOS,"200 gr",,0
1622,variation,,"CIRUELA CON HUESO - 1 kg",1,0,visible,,,,,taxable,parent,1,3,,0,0,,,,,0,,,120,,,,,,,id:1326,,,,,,2,GRAMOS,"1 kg",,0
1660,variable,,"Almendra con chocolate (Nueva Presentación)",1,0,visible,,,,,taxable,,1,9,,0,0,,,,,1,,,,Dulces,,,"http://lasdeliciasdelcampo.com/wp-content/uploads/2024/06/7.png, http://lasdeliciasdelcampo.com/wp-content/uploads/2024/06/IMG_3076-Photoroom.png",,,,,,,,,0,GRAMOS,"250 gr, 1 kg",1,0
1661,variation,07503050663360-1,"Almendra con chocolate (Nueva Presentación) - 250 gr",1,0,visible,,,,,taxable,parent,1,,,0,0,,,,,0,,,116,,,,,,,id:1660,,,,,,1,GRAMOS,"250 gr",,0
1662,variation,07503050668204-1,"Almendra con chocolate (Nueva Presentación) - 1 kg",1,0,visible,,,,,taxable,parent,1,,,0,0,,,,,0,,,464,,,,,,,id:1660,,,,,,2,GRAMOS,"1 kg",,0
1664,variable,,"Almendra con Matcha (Nueva Presentación)",1,0,visible,,,,,taxable,,1,7,,0,0,,,,,1,,,,Dulces,,,"http://lasdeliciasdelcampo.com/wp-content/uploads/2024/06/9.png, http://lasdeliciasdelcampo.com/wp-content/uploads/2024/06/IMG_3085-Photoroom.png",,,,,,,,,0,GRAMOS,"250 gr, 1 kg",1,0
1665,variation,07503050663360-1-1,"Almendra con Matcha (Nueva Presentación) - 250 gr",1,0,visible,,,,,taxable,parent,1,,,0,0,,,,,0,,,116,,,,,,,id:1664,,,,,,1,GRAMOS,"250 gr",,0
1666,variation,07503050668204-1-1,"Almendra con Matcha (Nueva Presentación) - 1 kg",1,0,visible,,,,,taxable,parent,1,,,0,0,,,,,0,,,464,,,,,,,id:1664,,,,,,2,GRAMOS,"1 kg",,0
1668,variable,,"Goma de piña 3D (Nueva Presentación)",1,0,visible,,,,,taxable,,1,9,,0,0,,,,,1,,,,Dulces,,,"http://lasdeliciasdelcampo.com/wp-content/uploads/2024/06/12.png, http://lasdeliciasdelcampo.com/wp-content/uploads/2024/06/IMG_3089-Photoroom.png",,,,,,,,,0,GRAMOS,"200 gr, 1 kg",1,0
1669,variation,07503050663360-1-1-1,"Goma de piña 3D (Nueva Presentación) - 200 gr",1,0,visible,,,,,taxable,parent,1,,,0,0,,,,,0,,,30,,,,,,,id:1668,,,,,,1,GRAMOS,"200 gr",,0
1670,variation,07503050668204-1-1-1,"Goma de piña 3D (Nueva Presentación) - 1 kg",1,0,visible,,,,,taxable,parent,1,,,0,0,,,,,0,,,180,,,,,,,id:1668,,,,,,2,GRAMOS,"1 kg",,0
1672,variable,,"Goma de Durazno 3D (Nueva Presentación)",1,0,visible,,,,,taxable,,1,9,,0,0,,,,,1,,,,Dulces,,,"http://lasdeliciasdelcampo.com/wp-content/uploads/2024/06/2.png, http://lasdeliciasdelcampo.com/wp-content/uploads/2024/06/IMG_3086-Photoroom.png",,,,,,,,,0,GRAMOS,"200 gr, 1 kg",1,0
1673,variation,07503050663360-1-1-1-1,"Goma de Durazno 3D (Nueva Presentación) - 200 gr",1,0,visible,,,,,taxable,parent,1,,,0,0,,,,,0,,,30,,,,,,,id:1672,,,,,,1,GRAMOS,"200 gr",,0
1674,variation,07503050668204-1-1-1-1,"Goma de Durazno 3D (Nueva Presentación) - 1 kg",1,0,visible,,,,,taxable,parent,1,,,0,0,,,,,0,,,180,,,,,,,id:1672,,,,,,2,GRAMOS,"1 kg",,0
1676,variable,,"Lombriz Acidita  (Nueva Presentación)",1,0,visible,,,,,taxable,,1,10,,0,0,,,,,1,,,,Dulces,,,"http://lasdeliciasdelcampo.com/wp-content/uploads/2024/06/4.png, http://lasdeliciasdelcampo.com/wp-content/uploads/2024/06/IMG_3099-Photoroom.png",,,,,,,,,0,GRAMOS,"200 gr, 1 kg",1,0
1677,variation,07503050663360-1-1-1-1-1,"Lombriz Acidita  (Nueva Presentación) - 200 gr",1,0,visible,,,,,taxable,parent,1,,,0,0,,,,,0,,,25,,,,,,,id:1676,,,,,,1,GRAMOS,"200 gr",,0
1678,variation,07503050668204-1-1-1-1-1,"Lombriz Acidita  (Nueva Presentación) - 1 kg",1,0,visible,,,,,taxable,parent,1,,,0,0,,,,,0,,,110,,,,,,,id:1676,,,,,,2,GRAMOS,"1 kg",,0
1680,variable,,"Goma de tiburón   (Nueva Presentación)",1,0,visible,,,,,taxable,,1,20,,0,0,,,,,1,,,,Dulces,,,"http://lasdeliciasdelcampo.com/wp-content/uploads/2024/06/5.png, http://lasdeliciasdelcampo.com/wp-content/uploads/2024/06/IMG_3092-Photoroom.png",,,,,,,,,0,GRAMOS,"200 gr, 1 kg",1,0
1681,variation,07503050663360-1-1-1-1-1-1,"Goma de tiburón   (Nueva Presentación)",1,0,visible,,,,,taxable,parent,1,,,0,0,,,,,0,,,30,,,,,,,id:1680,,,,,,1,GRAMOS,,,0
1682,variation,07503050668204-1-1-1-1-1-1,"Goma de tiburón   (Nueva Presentación) - 1 kg",1,0,visible,,,,,taxable,parent,1,,,0,0,,,,,0,,,180,,,,,,,id:1680,,,,,,2,GRAMOS,"1 kg",,0
1684,variable,,"Goma de Lombriz (Nueva Presentación)",1,0,visible,,,,,taxable,,1,7,,0,0,,,,,1,,,,Dulces,,,"http://lasdeliciasdelcampo.com/wp-content/uploads/2024/06/8.png, http://lasdeliciasdelcampo.com/wp-content/uploads/2024/06/IMG_3100-Photoroom.png",,,,,,,,,0,GRAMOS,"200 gr, 1 kg",1,0
1685,variation,07503050663360-1-1-1-1-1-1-1,"Goma de Lombriz (Nueva Presentación) - 200 gr",1,0,visible,,,,,taxable,parent,1,,,0,0,,,,,0,,,25,,,,,,,id:1684,,,,,,1,GRAMOS,"200 gr",,0
1686,variation,07503050668204-1-1-1-1-1-1-1,"Goma de Lombriz (Nueva Presentación) - 1 kg",1,0,visible,,,,,taxable,parent,1,,,0,0,,,,,0,,,110,,,,,,,id:1684,,,,,,2,GRAMOS,"1 kg",,0
1688,variable,,"Goma de oso enchilado (Nueva Presentación)",1,0,visible,,,,,taxable,,1,8,,0,0,,,,,1,,,,Dulces,,,"http://lasdeliciasdelcampo.com/wp-content/uploads/2024/06/6.png, http://lasdeliciasdelcampo.com/wp-content/uploads/2024/06/IMG_3103-Photoroom.png",,,,,,,,,0,GRAMOS,"200 gr, 1 kg",1,0
1689,variation,07503050663360-1-1-1-1-1-1-1-1,"Goma de oso enchilado (Nueva Presentación) - 200 gr",1,0,visible,,,,,taxable,parent,1,,,0,0,,,,,0,,,25,,,,,,,id:1688,,,,,,1,GRAMOS,"200 gr",,0
1690,variation,07503050668204-1-1-1-1-1-1-1-1,"Goma de oso enchilado (Nueva Presentación) - 1 kg",1,0,visible,,,,,taxable,parent,1,,,0,0,,,,,0,,,110,,,,,,,id:1688,,,,,,2,GRAMOS,"1 kg",,0
1712,variable,,"Goma de Manzana 3D (Nueva Presentación)",1,0,visible,,,,,taxable,,1,7,,0,0,,,,,1,,,,Dulces,,,"http://lasdeliciasdelcampo.com/wp-content/uploads/2024/06/11.png, http://lasdeliciasdelcampo.com/wp-content/uploads/2024/06/Photoroom-20240612_121814.png",,,,,,,,,0,GRAMOS,"200 gr, 1 kg",1,0
1713,variation,07503050663360-1-1-1-1-1-1-1-1-1,"Goma de Manzana 3D (Nueva Presentación) - 200 gr",1,0,visible,,,,,taxable,parent,1,,,0,0,,,,,0,,,30,,,,,,,id:1712,,,,,,1,GRAMOS,"200 gr",,0
1714,variation,07503050668204-1-1-1-1-1-1-1-1-1,"Goma de Manzana 3D (Nueva Presentación) - 1 kg",1,0,visible,,,,,taxable,parent,1,,,0,0,,,,,0,,,180,,,,,,,id:1712,,,,,,2,GRAMOS,"1 kg",,0
1718,variable,,"Goma de Fresa 3D (Nueva Presentación)",1,0,visible,,,,,taxable,,1,20,,0,0,,,,,1,,,,Dulces,,,"http://lasdeliciasdelcampo.com/wp-content/uploads/2024/06/2-1.png, http://lasdeliciasdelcampo.com/wp-content/uploads/2024/06/Photoroom-20240612_121710.png",,,,,,,,,0,GRAMOS,"200 gr, 1 kg",1,0
1719,variation,07503050663360-1-1-1-1-1-1-1-1-1-1,"Goma de Fresa 3D (Nueva Presentación)",1,0,visible,,,,,taxable,parent,1,,,0,0,,,,,0,,,30,,,,,,,id:1718,,,,,,1,GRAMOS,,,0
1720,variation,07503050668204-1-1-1-1-1-1-1-1-1-1,"Goma de Fresa 3D (Nueva Presentación) - 1 kg",1,0,visible,,,,,taxable,parent,1,,,0,0,,,,,0,,,180,,,,,,,id:1718,,,,,,2,GRAMOS,"1 kg",,0
1723,variable,,"Almendra enchilada (Nueva Presentación)",1,0,visible,,,,,taxable,,1,9,,0,0,,,,,1,,,,Dulces,,,"http://lasdeliciasdelcampo.com/wp-content/uploads/2024/06/10.png, http://lasdeliciasdelcampo.com/wp-content/uploads/2024/06/Photoroom-20240612_130018.png",,,,,,,,,0,GRAMOS,"200 gr, 1 kg",1,0
1724,variation,07503050663360-1-1-1-1-1-1-1-1-1-1-1,"Almendra enchilada (Nueva Presentación) - 200 gr",1,0,visible,,,,,taxable,parent,1,,,0,0,,,,,0,,,65,,,,,,,id:1723,,,,,,1,GRAMOS,"200 gr",,0
1725,variation,07503050668204-1-1-1-1-1-1-1-1-1-1-1,"Almendra enchilada (Nueva Presentación) - 1 kg",1,0,visible,,,,,taxable,parent,1,,,0,0,,,,,0,,,260,,,,,,,id:1723,,,,,,2,GRAMOS,"1 kg",,0
1728,variable,,"Goma de oso  (Nueva Presentación)",1,0,visible,,,,,taxable,,1,8,,0,0,,,,,1,,,,Dulces,,,"http://lasdeliciasdelcampo.com/wp-content/uploads/2024/06/3.png, http://lasdeliciasdelcampo.com/wp-content/uploads/2024/06/Photoroom-20240612_125851.png",,,,,,,,,0,GRAMOS,"200 gr, 1 kg",1,0
1729,variation,07503050663360-1-1-1-1-1-1-1-1-1-1-1-1,"Goma de oso  (Nueva Presentación) - 200 gr",1,0,visible,,,,,taxable,parent,1,,,0,0,,,,,0,,,25,,,,,,,id:1728,,,,,,1,GRAMOS,"200 gr",,0
1730,variation,07503050668204-1-1-1-1-1-1-1-1-1-1-1-1,"Goma de oso  (Nueva Presentación) - 1 kg",1,0,visible,,,,,taxable,parent,1,,,0,0,,,,,0,,,110,,,,,,,id:1728,,,,,,2,GRAMOS,"1 kg",,0
1818,simple,,"Paquete Verduras deshidratada",1,0,visible,"Primer paquete de Verduras deshidratadas.\n<ul>\n 	<li>5 bolsitas de 60 g MALANGA ENCHILADA</li>\n 	<li>5 bolsitas de 60 g MALANGA NATURAL</li>\n 	<li>5 bolsitas de 60 g ZANAHORIA ENCHILADA</li>\n 	<li>5 bolsitas de 60 g ZANAHORIA NATURAL</li>\n 	<li>5 bolsitas de 60 g JICAMA ENCHILADA</li>\n 	<li>5 bolsitas de 60 g JICAMA NATURAL</li>\n 	<li>5 bolsitas de 60 g CAMOTE ENCHILADO</li>\n 	<li>5 bolsitas de 60 g CAMOTE NATURAL</li>\n 	<li>5 bolsitas de 60 g BETABEL ENCHILADO</li>\n 	<li>5 bolsitas de 60 g BETABEL NATURAL</li>\n</ul>",,,,taxable,,1,2,,0,0,,,,,0,,,1000,Paquetes,,,"http://lasdeliciasdelcampo.com/wp-content/uploads/2024/06/Captura-de-pantalla-2025-03-05-a-las-5.14.18 p.m.png, http://lasdeliciasdelcampo.com/wp-content/uploads/2024/06/Captura-de-pantalla-2025-03-05-a-las-5.14.42 p.m.png, http://lasdeliciasdelcampo.com/wp-content/uploads/2024/06/Captura-de-pantalla-2025-03-05-a-las-5.14.50 p.m.png",,,,,,,,,0,,,,
1820,simple,,"Paquete Nueces",1,0,visible,"Paquete de Nueces.\n<ul>\n 	<li>5 bolsitas de 60 g ALMENDRA ENTERA</li>\n 	<li>5 bolsitas de 60 g ALMENDRA FILETEADA</li>\n 	<li>5 bolsitas de 60 g NUEZ GARAPIÑADA</li>\n 	<li>5 bolsitas de 60 g NUEZ CON CHOCOLATE</li>\n 	<li>5 bolsitas de 60 g NUEZ DE LA INDIA HORNEADA SIN SAL</li>\n 	<li>5 bolsitas de 60 g NUEZ EN MITADES</li>\n 	<li>5 bolsitas de 60 g NUEZ EN PEDAZO</li>\n 	<li>5 bolsitas de 60 g NUEZ MIXTA (MEZCLA DE NUECES)</li>\n 	<li>5 bolsitas de 60 g PISTACHE NATURAL</li>\n 	<li>5 bolsitas de 60 g PISTACHE ENCHILADO O CON AJO</li>\n 	<li>5 bolsitas de 60 g ALMENDRA ENCHILADA</li>\n 	<li>5 bolsitas de 60 g ALMENDRA CUBIERTA DE CHOCOLATE</li>\n</ul>",,,,taxable,,1,7,,0,0,,,,,0,,,1025,Paquetes,,,"http://lasdeliciasdelcampo.com/wp-content/uploads/2024/06/Captura-de-pantalla-2025-03-05-a-las-5.29.00 p.m.png, http://lasdeliciasdelcampo.com/wp-content/uploads/2024/06/Captura-de-pantalla-2025-03-05-a-las-5.29.05 p.m.png, http://lasdeliciasdelcampo.com/wp-content/uploads/2024/06/Captura-de-pantalla-2025-03-05-a-las-5.29.11 p.m.png",,,,,,,,,0,,,,
1821,simple,,"Paquete Semillas",1,0,visible,"Paquete de Semillas\n<table width=""280"">\n<tbody>\n<tr>\n<td width=""280"">AJONJOLI GARAPIÑADO</td>\n</tr>\n<tr>\n<td>CHICHARO NATURAL</td>\n</tr>\n<tr>\n<td>CHICHARO ENCHILADO</td>\n</tr>\n<tr>\n<td>GARBANZO ENCHILADO</td>\n</tr>\n<tr>\n<td>GIRASOL ENCHILADO</td>\n</tr>\n<tr>\n<td>GIRASOL GARAPIÑADO</td>\n</tr>\n<tr>\n<td>GIRASOL SALADO</td>\n</tr>\n<tr>\n<td>HABAS ENCHILADAS</td>\n</tr>\n<tr>\n<td>PEPITA CRIOLLA CON CASCARA</td>\n</tr>\n<tr>\n<td>PEPITA VERDE HORNEADA</td>\n</tr>\n<tr>\n<td>SOYA NATURAL C/ MEZCLA DE SEMILLAS</td>\n</tr>\n<tr>\n<td>PEPITA VERDE FRITA</td>\n</tr>\n<tr>\n<td>HABAS ENCHILADAS EN HOJUELAS</td>\n</tr>\n</tbody>\n</table>",,,,taxable,,1,9,,0,0,,,,,0,,,625,Paquetes,,,"http://lasdeliciasdelcampo.com/wp-content/uploads/2024/06/Captura-de-pantalla-2025-03-05-a-las-5.38.54 p.m.png, http://lasdeliciasdelcampo.com/wp-content/uploads/2024/06/Captura-de-pantalla-2025-03-05-a-las-5.38.59 p.m.png, http://lasdeliciasdelcampo.com/wp-content/uploads/2024/06/Captura-de-pantalla-2025-03-05-a-las-5.39.03 p.m.png",,,,,,,,,0,,,,
1823,simple,,"Paquete Cacahuates",1,0,visible,"Paquete de Cacahuates.\n<ul>\n 	<li>5 bolsitas de 60 gr  CACAHUATE ENCHILADO</li>\n 	<li>5 bolsitas de 60 gr CACAHUATE ESPAÑOL</li>\n 	<li>5 bolsitas de 60 gr CACAHUATE ESPAÑOL CON AJO</li>\n 	<li>5 bolsitas de 60 gr CACAHUATE HOLANDES (HOT NUT)</li>\n 	<li>5 bolsitas de 60 gr CACAHUATE JAPONES</li>\n 	<li>5 bolsitas de60 gr CACAHUATE JAPONES CON CHIPOTLE</li>\n 	<li>5 bolsitas de 60 gr CACAHUATE JAPONES C/QUESO CHEDAR</li>\n 	<li>5 bolsitas de 60 gr CACAHUATE JAPONES SABOR MANGO</li>\n 	<li>5 bolsitas de 60 gr CACAHUATE SALADO</li>\n 	<li>5 bolsitas de 60 gr CACAHUATE GARAPIÑADO</li>\n 	<li>5 bolsitas de 60 gr CACAHUATE GARAP/AJONJOL</li>\n</ul>",,,,taxable,,1,5,,0,0,,,,,0,,,360,Paquetes,,,"http://lasdeliciasdelcampo.com/wp-content/uploads/2024/06/Captura-de-pantalla-2025-03-05-a-las-5.15.47 p.m.png, http://lasdeliciasdelcampo.com/wp-content/uploads/2024/06/Captura-de-pantalla-2025-03-05-a-las-5.16.40 p.m.png, http://lasdeliciasdelcampo.com/wp-content/uploads/2024/06/Captura-de-pantalla-2025-03-05-a-las-5.16.55 p.m.png",,,,,,,,,0,,,,
1824,simple,,"Paquete Mixes",1,0,visible,"Paquete de Mixes.\n<ul>\n 	<li>5 bolsitas de 60 gr  CACAHUATE MIX (MEZCLA DE CACAH)</li>\n 	<li>5 bolsitas de 60 gr CHURRO MIX CHILE (MEZCLA)</li>\n 	<li>5 bolsitas de 60 gr CHURRO MIX NAT (MEZCLA)</li>\n 	<li>5 bolsitas de 60 gr CHURRO AMARANTO / AJONJOLI NAT</li>\n 	<li>5 bolsitas de 60 gr CHURRO AMARANTO / AJONJOLI CHILE</li>\n 	<li>5 bolsitas de 60 gr CHURRO CHIPOTLE</li>\n 	<li>5 bolsitas de 60 gr MAIZ POZOLERO ENCHILADO</li>\n 	<li>5 bolsitas de 60 gr MAIZ POZOLERO CON QUESO CHEDAR</li>\n 	<li>5 bolsitas de 60 gr MAIZ POZOLERO SALADITO</li>\n 	<li>5 bolsitas de 60 gr CHURRO PIQUIN</li>\n</ul>",,,,taxable,,0,0,,0,0,,,,,0,,,495,Paquetes,,,"http://lasdeliciasdelcampo.com/wp-content/uploads/2024/06/Captura-de-pantalla-2025-03-05-a-las-5.23.21 p.m.png, http://lasdeliciasdelcampo.com/wp-content/uploads/2024/06/Captura-de-pantalla-2025-03-05-a-las-5.23.42 p.m.png, http://lasdeliciasdelcampo.com/wp-content/uploads/2024/06/Captura-de-pantalla-2025-03-05-a-las-5.23.56 p.m.png",,,,,,,,,0,,,,
1825,simple,,"Paquete Frutos secos",1,0,visible,"Paquete de Frutos secos.\n<ul>\n 	<li>5 bolsitas de 60 gr  ARANDANO ENCHILADO</li>\n 	<li>5 bolsitas de 60 gr ARANDANO NATURAL</li>\n 	<li>5 bolsitas de 60 gr CHABACANO DESHIDRATADO</li>\n 	<li>5 bolsitas de 60 gr CIRUELA CON HUESO</li>\n 	<li>5 bolsitas de60 gr OREJON DE MANZANA DESHIDRATADA</li>\n 	<li>5 bolsitas de60 gr FRUTA MIX DESHIDRATADA (MEZCLA)</li>\n 	<li>5 bolsitas de60 gr MANGO ENCHILADO</li>\n 	<li>5 bolsitas de 60 gr PASA RUBIA (DESHIDRATADA)</li>\n 	<li>5 bolsitas de60 gr PIÑA ENCHILADA</li>\n 	<li>5 bolsitas de60 gr  PLATANO ENCHILADO (HORNEADO)</li>\n 	<li>5 bolsitas de60 gr PLATANO NATURAL (HORNEADO)</li>\n 	<li>5 bolsitas de60 gr PASA NEGRA (JUMBO)</li>\n 	<li>5 bolsitas de60 gr Fruta deshidratada Cubos</li>\n 	<li>5 bolsitas de60 gr Ciruela sin hueso</li>\n</ul>",,,,taxable,,1,5,,0,0,,,,,0,,,832,Paquetes,,,"http://lasdeliciasdelcampo.com/wp-content/uploads/2024/06/Captura-de-pantalla-2025-03-05-a-las-5.18.08 p.m.png, http://lasdeliciasdelcampo.com/wp-content/uploads/2024/06/Captura-de-pantalla-2025-03-05-a-las-5.18.49 p.m.png, http://lasdeliciasdelcampo.com/wp-content/uploads/2024/06/Captura-de-pantalla-2025-03-05-a-las-5.19.15 p.m.png",,,,,,,,,0,,,,
1826,simple,,"Paquete Dulces",1,0,visible,"Paquete de Dulces.\n<table width=""280"">\n<tbody>\n<tr>\n<td width=""280"">ALMENDRA CONFITADA</td>\n</tr>\n<tr>\n<td>BOMBON DE CHOCOLATE</td>\n</tr>\n<tr>\n<td>GALLETA DE CHOCOLATE (SUSPIROS)</td>\n</tr>\n<tr>\n<td>GOMA ACIDITA (FRUTITAS)</td>\n</tr>\n<tr>\n<td>GOMA DE CHILE CON CHAMOY</td>\n</tr>\n<tr>\n<td>GOMA DE DULCE</td>\n</tr>\n<tr>\n<td>GOMA MORITAS</td>\n</tr>\n<tr>\n<td>MANGOMITA</td>\n</tr>\n<tr>\n<td>GOMA MANGOMITA / TAJIN</td>\n</tr>\n<tr>\n<td>GOMA JELLY BEANS</td>\n</tr>\n<tr>\n<td>TAMACHU (BOLITAS DE TAMARINDO)</td>\n</tr>\n<tr>\n<td>Tarugos</td>\n</tr>\n<tr>\n<td>GOMA ARO MANZANA</td>\n</tr>\n<tr>\n<td>GOMA ARO DURAZNO</td>\n</tr>\n<tr>\n<td>PASA CON CHOCOLATE</td>\n</tr>\n<tr>\n<td>TIRA MANGO ENCHILADA (GIRALDA)</td>\n</tr>\n<tr>\n<td>GOMITAS SABOR MARACUYA</td>\n</tr>\n<tr>\n<td>GOMITAS SABOR GUANABANA</td>\n</tr>\n<tr>\n<td>MANGUSANO</td>\n</tr>\n<tr>\n<td>GOMA DE OSITO</td>\n</tr>\n<tr>\n<td>GOMA DE OSITO ENCHILADO</td>\n</tr>\n<tr>\n<td>GOMA DE TIBURON</td>\n</tr>\n<tr>\n<td>GOMA DE LOMBRIZ</td>\n</tr>\n<tr>\n<td>GOMA PIÑA 3D</td>\n</tr>\n<tr>\n<td>GOMA MANZANA 3D</td>\n</tr>\n<tr>\n<td>GOMA DURAZNO 3D</td>\n</tr>\n<tr>\n<td>GOMA FRESA 3D</td>\n</tr>\n</tbody>\n</table>",,,,taxable,,1,9,,0,0,,,,,0,,,1215,Paquetes,,,"http://lasdeliciasdelcampo.com/wp-content/uploads/2024/06/Captura-de-pantalla-2025-03-05-a-las-5.31.38 p.m.png, http://lasdeliciasdelcampo.com/wp-content/uploads/2024/06/22.png, http://lasdeliciasdelcampo.com/wp-content/uploads/2024/06/23.png, http://lasdeliciasdelcampo.com/wp-content/uploads/2024/06/Captura-de-pantalla-2025-03-05-a-las-5.31.53 p.m.png",,,,,,,,,0,,,,
1881,variable,,"CACAHUATE HOLANDES SABOR ESQUITE",1,0,visible,,,,,taxable,,1,2,,0,0,,,,,1,,,,Cacahuates,,,"http://lasdeliciasdelcampo.com/wp-content/uploads/2024/02/297.png, http://lasdeliciasdelcampo.com/wp-content/uploads/2024/02/297.png",,,,,,,,,0,GRAMOS,"200 gr, 1 kg",1,0
1882,variation,07503050663360-1-1-1-1-1-1-1-1-1-1-1-1-1,"CACAHUATE HOLANDES SABOR ESQUITE - 200 gr",1,0,visible,,,,,taxable,parent,1,,,0,0,,,,,0,,,20,,,,,,,id:1881,,,,,,1,GRAMOS,"200 gr",,0
1883,variation,07503050668204-1-1-1-1-1-1-1-1-1-1-1-1-1,"CACAHUATE HOLANDES SABOR ESQUITE - 1 kg",1,0,visible,,,,,taxable,parent,1,,,0,0,,,,,0,,,90,,,,,,,id:1881,,,,,,2,GRAMOS,"1 kg",,0
1885,variable,,"PRETZEL CUBIERTO DE CHOCOLATE",1,0,visible,,,,,taxable,,0,0,,0,0,,,,,1,,,,Dulces,,,"http://lasdeliciasdelcampo.com/wp-content/uploads/2024/08/Pretzel.png, http://lasdeliciasdelcampo.com/wp-content/uploads/2024/08/3.png",,,,,,,,,0,GRAMOS,"250 gr, 1 kg",1,0
1886,variation,07503050663360-1-1-1-1-1-1-1-1-1-1-1-1-1-1,"PRETZEL CUBIERTO DE CHOCOLATE - 250 gr",1,0,visible,,,,,taxable,parent,0,,,0,0,,,,,0,,,65,,,,,,,id:1885,,,,,,1,GRAMOS,"250 gr",,0
1887,variation,07503050668204-1-1-1-1-1-1-1-1-1-1-1-1-1-1,"PRETZEL CUBIERTO DE CHOCOLATE - 1 kg",1,0,visible,,,,,taxable,parent,0,,,0,0,,,,,0,,,250,,,,,,,id:1885,,,,,,2,GRAMOS,"1 kg",,0
1895,variable,,"CAFÉ ENTERO CUBIERTO DE CHOCOLATE",1,0,visible,,,,,taxable,,1,9,,0,0,,,,,1,,,,Dulces,,,"http://lasdeliciasdelcampo.com/wp-content/uploads/2024/08/Cafe-entero.png, http://lasdeliciasdelcampo.com/wp-content/uploads/2024/08/6.png",,,,,,,,,0,GRAMOS,"250 gr, 1 kg",1,0
1896,variation,07503050663360-1-1-1-1-1-1-1-1-1-1-1-1-1-1-1-1-1,"CAFÉ ENTERO CUBIERTO DE CHOCOLATE - 250 gr",1,0,visible,,,,,taxable,parent,1,,,0,0,,,,,0,,,110,,,,,,,id:1895,,,,,,1,GRAMOS,"250 gr",,0
1897,variation,07503050668204-1-1-1-1-1-1-1-1-1-1-1-1-1-1-1-1-1,"CAFÉ ENTERO CUBIERTO DE CHOCOLATE - 1 kg",1,0,visible,,,,,taxable,parent,1,,,0,0,,,,,0,,,420,,,,,,,id:1895,,,,,,2,GRAMOS,"1 kg",,0
1901,variable,,"ARANDANO CUBIERTO DE CHOCOLATE",1,0,visible,,,,,taxable,,1,9,,0,0,,,,,0,,,,Dulces,,,http://lasdeliciasdelcampo.com/wp-content/uploads/2024/08/P__ost-de-Delicias-.png,,,,,,,,,0,GRAMOS,"250 gr, 1 kg",1,0
1902,variation,07503050663360-1-1-1-1-1-1-1-1-1-1-1-1-1-1-1-1-1-1-1,"ARANDANO CUBIERTO DE CHOCOLATE - 250 gr",1,0,visible,,,,,taxable,parent,1,,,0,0,,,,,0,,,100,,,,,,,id:1901,,,,,,1,GRAMOS,"250 gr",,0
1903,variation,07503050668204-1-1-1-1-1-1-1-1-1-1-1-1-1-1-1-1-1-1-1,"ARANDANO CUBIERTO DE CHOCOLATE - 1 kg",1,0,visible,,,,,taxable,parent,1,,,0,0,,,,,0,,,395,,,,,,,id:1901,,,,,,2,GRAMOS,"1 kg",,0
1955,simple,,"Charola enchilada",1,0,visible,"Ingredientes: Pistache enchilado, mango enchilado, cacahuate enchilado, gomitas de frutos enchilados.",,,,taxable,,1,9,,0,0,,,,,0,,,150,"Cajas de regalo",,,http://lasdeliciasdelcampo.com/wp-content/uploads/2024/10/1-3.png,,,,,,,,,0,,,,
1956,simple,,"Caja dulce",1,0,visible,"Ingredientes: Pasas con chocolate, almendra con chocolate, nuez garapiñada, galleta de chocolate blanco.",,,,taxable,,1,8,,0,0,,,,,0,,,200,"Cajas de regalo",,,http://lasdeliciasdelcampo.com/wp-content/uploads/2024/10/174.png,,,,,,,,,0,,,,
1957,simple,,"Caja salada",1,0,visible,"Ingredientes: Nuez de la India, cacahuate sabor esquite, almendra natural, pistache.",,,,taxable,,1,8,,0,0,,,,,0,,,200,"Cajas de regalo",,,http://lasdeliciasdelcampo.com/wp-content/uploads/2024/10/172-1.png,,,,,,,,,0,,,,
1974,simple,,"Caja enchilada",1,0,visible,"Ingredientes: Pistache enchilado, mango enchilado, cacahuate enchilado, gomitas de frutos enchilados.",,,,taxable,,1,8,,0,0,,,,,0,,,200,"Cajas de regalo",,,http://lasdeliciasdelcampo.com/wp-content/uploads/2024/10/173-1.png,,,,,,,,,0,,,,
1997,variable,,"Gomita sabor sandia con chile (Vegano)",1,0,visible,,,,,taxable,,1,4,,0,0,,,,,0,,,,Veganos,,,http://lasdeliciasdelcampo.com/wp-content/uploads/2024/11/116.png,,,,,,,,,0,Gramos,"250 gr, 1 kg",1,0
1999,variable,,"Gomita sabor pepino con chile (Vegano)",1,0,visible,,,,,taxable,,1,5,,0,0,,,,,0,,,,Veganos,,,http://lasdeliciasdelcampo.com/wp-content/uploads/2024/11/117.png,,,,,,,,,0,GRAMOS,"250 gr, 1 kg",1,0
2001,variable,,"Goma sabor mangó con chile (Vegano)",1,0,visible,,,,,taxable,,1,6,,0,0,,,,,0,,,,Veganos,,,http://lasdeliciasdelcampo.com/wp-content/uploads/2024/11/115.png,,,,,,,,,0,GRAMOS,"250 gr, 1 kg",1,0
2005,variation,,"Goma sabor mangó con chile (Vegano) - 250 gr",1,0,visible,,,,,taxable,parent,1,,,0,0,,,,,0,,,40,,,,,,,id:2001,,,,,,1,GRAMOS,"250 gr",,0
2006,variation,,"Goma sabor mangó con chile (Vegano) - 1 kg",1,0,visible,,,,,taxable,parent,1,,,0,0,,,,,0,,,150,,,,,,,id:2001,,,,,,2,GRAMOS,"1 kg",,0
2008,variation,,"Gomita sabor pepino con chile (Vegano) - 250 gr",1,0,visible,,,,,taxable,parent,1,,,0,0,,,,,0,,,40,,,,,,,id:1999,,,,,,1,GRAMOS,"250 gr",,0
2009,variation,,"Gomita sabor pepino con chile (Vegano) - 1 kg",1,0,visible,,,,,taxable,parent,1,,,0,0,,,,,0,,,150,,,,,,,id:1999,,,,,,2,GRAMOS,"1 kg",,0
2010,variation,,"Gomita sabor sandia con chile (Vegano) - 250 gr",1,0,visible,,,,,taxable,parent,1,,,0,0,,,,,0,,,40,,,,,,,id:1997,,,,,,1,Gramos,"250 gr",,0
2011,variation,,"Gomita sabor sandia con chile (Vegano) - 1 kg",1,0,visible,,,,,taxable,parent,1,,,0,0,,,,,0,,,150,,,,,,,id:1997,,,,,,2,Gramos,"1 kg",,0
2027,variable,,"Gomita sabor Guanabana",1,0,visible,,,,,taxable,,1,10,,0,0,,,,,0,,,,Dulces,,,http://lasdeliciasdelcampo.com/wp-content/uploads/2024/11/6.png,,,,,,,,,0,Gramos,"200 gr, 1 kg",1,0
2028,variation,,"Gomita sabor Guanabana - 200 gr",1,0,visible,,,,,taxable,parent,1,,,0,0,,,,,0,,,25,,,,,,,id:2027,,,,,,1,Gramos,"200 gr",,0
2029,variation,,"Gomita sabor Guanabana - 1 kg",1,0,visible,,,,,taxable,parent,1,,,0,0,,,,,0,,,110,,,,,,,id:2027,,,,,,2,Gramos,"1 kg",,0
2034,variable,,"Gomita sabor Maracuyá",1,0,visible,,,,,taxable,,1,10,,0,0,,,,,0,,,,Dulces,,,http://lasdeliciasdelcampo.com/wp-content/uploads/2024/11/7.png,,,,,,,,,0,Gramos,"200 gr, 1 kg",1,0
2035,variation,,"Gomita sabor Maracuyá - 200 gr",1,0,visible,,,,,taxable,parent,1,,,0,0,,,,,0,,,25,,,,,,,id:2034,,,,,,1,Gramos,"200 gr",,0
2036,variation,,"Gomita sabor Maracuyá - 1 kg",1,0,visible,,,,,taxable,parent,1,,,0,0,,,,,0,,,110,,,,,,,id:2034,,,,,,2,Gramos,"1 kg",,0
2037,variable,,"Arandano con Matcha",1,0,visible,,,,,taxable,,1,7,,0,0,,,,,0,,,,"Chocolates, Dulces",,,http://lasdeliciasdelcampo.com/wp-content/uploads/2024/11/8.png,,,,,,,,,0,Gramos,"250 gr, 1 kg",1,0
2038,variation,,"Arandano con Matcha - 250 gr",1,0,visible,,,,,taxable,parent,1,,,0,0,,,,,0,,,116,,,,,,,id:2037,,,,,,1,Gramos,"250 gr",,0
2039,variation,,"Arandano con Matcha - 1 kg",1,0,visible,,,,,taxable,parent,1,,,0,0,,,,,0,,,464,,,,,,,id:2037,,,,,,2,Gramos,"1 kg",,0
2043,variable,,"Japonés Sabor Habanero",1,0,visible,,,,,taxable,,1,10,,0,0,,,,,0,,,,Cacahuates,,,http://lasdeliciasdelcampo.com/wp-content/uploads/2024/11/Diseno-sin-titulo.png,,,,,,,,,0,Gramos,"250 gr, 1 kg",1,0
2044,variation,,"Japonés Sabor Habanero - 250 gr",1,0,visible,,,,,taxable,parent,1,,,0,0,,,,,0,,,25,,,,,,,id:2043,,,,,,1,Gramos,"250 gr",,0
2108,simple,,"Charola en forma de corazón",1,0,visible,"*Almendra cubierta de chocolate\n* Goma de corazón sabor fresas con crema\n* Suspiro (galleta cubierta de chocolate)\n* Goma corazón azucarado",,,,taxable,,1,10,,0,0,,,,,0,,,125,"Cajas de regalo",,,http://lasdeliciasdelcampo.com/wp-content/uploads/2025/01/176.png,,,,,,,,,0,,,,
2111,simple,,"Charola en forma de corazón",1,0,visible,"*Choco menta\n*Goma corazón azucarado\n*Suspiro (galleta cubierta de chocolate)\n*Tamachu",,,,taxable,,1,10,,0,0,,,,,0,,,125,"Cajas de regalo",,,http://lasdeliciasdelcampo.com/wp-content/uploads/2025/01/175.png,,,,,,,,,0,,,,
2113,simple,,"Charola en forma de corazón",1,0,visible,"* pasa cubierta de chocolate\n* Mangusano\n* Goma corazón sabor cereza\n* Suspiro (galleta cubierta de chocolate",,,,taxable,,1,8,,0,0,,,,,0,,,125,"Cajas de regalo",,,http://lasdeliciasdelcampo.com/wp-content/uploads/2025/01/177.png,,,,,,,,,0,,,,
2225,simple,,"Charola enchilada con chocolate al centro",1,0,visible,"Ingredientes: Pistache enchilado, mango enchilado, cacahuate enchilado, gomitas de frutos enchilados.",,,,taxable,,1,10,,0,0,,,,,0,,,150,"Cajas de regalo",,,http://lasdeliciasdelcampo.com/wp-content/uploads/2025/04/Post-de-Delicias-1.png,,,,,,,,,0,,,,
